VwLiPuRiYarBMFWBmzB7KU3Ku5x9GvqNSt4LQgNP2Dat3Qz,500,0.3036,500,0.3043,500,0.2855,500,0.25,1.1436
VwhChd6gzaqAyC5NaNzmvwqXFiirkA5a8jyQ1KUxaoWBfN7,140,0.085,140,0.0852,140,0.0799,140,0.07,0.3202
VxKQJYPqPQhuF4haU4M2BGYy434f2KWo2Ak4Z2PjUhtrChH,1000,0.6073,500,0.3043,500,0.2855,500,0.25,1.4473
VxQZ21QghfTuASUcmV8tqdHikHntXFpW7F4M918N8td6Vcn,800,0.4858,800,0.4869,800,0.4569,800,0.4,1.8298
VxRpiTuDwf5Qq4KCn8p51DPtDhZ8g6fikh2vxWAnTNYaLHw,4445,2.6995,4445,2.7055,4445,2.5389,4445,2.223,10.167
VxWartkVXQBAq1B12FG6fp2RQSNHUtfcZjrmjZaewjPdvjQ,102,0.0619,102,0.062,102,0.0582,102,0.051,0.2333
VxaT4mXNUd1Z5qq3iq2dr2eAK8UiifkxC2sm984WRJ9iXPA,214.5675,0.1303,214.5675,0.1305,214.5675,0.1225,214.5675,0.1073,0.4907
VzBmtdtUL5j1ku6hMyGvt7y9rNqdu9rYNcqZec3NeLS4Ja4,100,0.0607,100,0.0608,100,0.0571,100,0.05,0.2287
VzWPDqHSH69CEBU9isRqHsQGTUFkmUNgDHRD6k4YmWjxvWR,,,,,101,0.0576,101,0.0505,0.1082
VzWzJtZffe4h6gVGecPmmXh58xegmEdQrtzWo68iuPvUrmF,3900,2.3685,3900,2.3737,3900,2.2276,2000,1.0002,7.9702
Vzp5mdKvN6h3ZzbcGrLTKWMXLtAZVc3UFd3oUQrzMsXatq5,101,0.0613,101,0.0614,101,0.0576,101,0.0505,0.231
W18kBko6vQjGBzGJiM1sosmAM1rQxbgXomXVDhCh5he4hdm,207,0.1257,207,0.1259,207,0.1182,207,0.1035,0.4734
W1AVikaRe2CwrPwG3nDYRCegRgQ6VFXKA23v12h7mXCJsZu,100,0.0607,100,0.0608,100,0.0571,100,0.05,0.2287
W1C55M6cqKEe6HKiDWQVtG23QNHTf8xzhSfVAXsznqUGgKw,1200,0.7287,1200,0.7303,1200,0.6854,1200,0.6001,2.7447
W1CrpAoDYA3KvmEv27DeeujMEK4nRRNbqU4CRB1PmfHGW2n,250,0.1518,250,0.1521,250,0.1427,250,0.125,0.5718
W3L7Xa9QAKiwP246Q4FhqjzcqD3nM95MThoos4wUYwfrevG,,,101,0.0614,101,0.0576,101,0.0505,0.1696
W3dGuc6sKvsZ9yvkVNzrbKiTSk8Z5dGVkeD7qs2BX4nhuaH,13235.8,8.0384,13235.8,8.0561,13235.8,7.5601,13235.8,6.6194,30.2742
W3oFCP8AN7MjcPYK4giAkNyds8b4Hd6q9HG9HsTS8M35Lp1,149,0.0904,149,0.0906,,,,,0.1811
W4RRW1RUNzeWhSjpBGo7CTe8LUeEKfKKsj6QAfijHP7URM3,180,0.1093,180,0.1095,180,0.1028,180,0.09,0.4117
W5d8eZGSm9MZt9m9QRuzvJrDrrHGPpGiNScToEgPbnTDXD5,120,0.0728,120,0.073,120,0.0685,120,0.06,0.2744
W5nsCd3Ty296QC8prUdgDbpe6pka5AuoNQTDZGegMtJrsSF,134,0.0813,,,,,,,0.0813
W5rUBDfdzQLanK8d5R1joG9vB276KhaXuM78t74KHvRMVSd,,,,,,,2000,1.0002,1.0002
W6TgwhHvtuESB5hRJSHYaeoH1iUHtrm5NvimuJjMXztzxEz,635.5547,0.3859,635.5547,0.3868,635.5547,0.363,635.5547,0.3178,1.4537
W7yacJz2FxyBL5n3tMKUFB96EsbRmfApHACM1Qu8MU5Cr57,116,0.0704,116,0.0706,116,0.0662,116,0.058,0.2653
W8LuPm4DeDevtSvg8mDx4VDjUJ1jCBgpoHF9Pzdr34ETCcS,220.9169,0.1341,220.9169,0.1344,220.9169,0.1261,220.9169,0.1104,0.5053
W8aG72c4Mn2CSykCXyomSAkodku37PnA7XsYbUxf1ZYza9B,172.7982,0.1049,172.7982,0.1051,172.7982,0.0987,172.7982,0.0864,0.3952
W8bdkEwwh2DZis7snCgq1CmJZuij3KF2Xr57wR8T8iqGQwn,600,0.3643,600,0.3651,600,0.3427,600,0.3,1.3723
W8diUPj3mEvPvhSNS2bHUJSPhCTD69nCg9p479VaZhYJYtt,100,0.0607,148,0.09,148,0.0845,148,0.074,0.3093
WAXb2uB2BhTfC3SMKGQg6XMtqEfBgLXA1eq1AUpv8Z2KVuR,660,0.4008,660,0.4017,660,0.3769,660,0.33,1.5096
WAaqiXjS5dgoXejUEDVcCp7oVoPjxdJnHf4aD3ZH3p2P8Q1,8000,4.8586,8000,4.8692,8000,4.5695,,,14.2974
WAzFSr3ZTJJETXvDMxEfKQ5JFXas27DVWGQhQPFjQnvKdzJ,,,,,150,0.0856,150,0.075,0.1606
WBZjwfNzBMSWH1doaYRU9xYJv8hGMS1XoSLKmHHVY5117i9,10796,6.5567,10796,6.5711,,,,,13.1278
WBhPRFGp4kz3qUeLvwffk7TJDQLTTfXT2JVFeAGYZzQhJyi,100,0.0607,100,0.0608,100,0.0571,100,0.05,0.2287
WDBt2xcNBpSJs4uzvqHh47izZj31GsM65vz8CqNR7PgCsBC,100,0.0607,100,0.0608,100,0.0571,100,0.05,0.2287
WDHVVSp5cNPw6Lus13T1MeTCrSaXv4uxa1KzMjQgTQvLwKL,370,0.2247,,,,,,,0.2247
WDScFWrMSpDF6NvFNLZ3j4uiCNK9kPpm2iV6deGkSRSyEnE,719,0.4366,719,0.4376,719,0.4106,719,0.3595,1.6445
WDZ37UhQDVaa4WLPvY9cWVLorvWw1uFqaowMKaybN9MrWoU,124.5139,0.0756,124.5139,0.0757,124.5139,0.0711,124.5139,0.0622,0.2848
WDavWY74g9Ta6cFvxp3dhyuy6zsbyqELmCTcBcopMoCbMWL,139,0.0844,139,0.0846,139,0.0793,139,0.0695,0.3179
WDcGigZ5XPkJk6XAE4XnDDgHvP1CyY1V4iqwx5zBWteGdeq,123.5,0.075,123.5,0.0751,123.5,0.0705,123.5,0.0617,0.2824
WDq9WKwrHx2gCpyAuJ7egpteS5MEuKv8X7c58EDXxnjwDN6,123.5546,0.075,123.5546,0.0752,123.5546,0.0705,123.5546,0.0617,0.2826
WFS3Tns219zcJDdVp97EPQzuptAGpfy3aiBjY7NagWCe2iR,225,0.1366,225,0.1369,225,0.1285,225,0.1125,0.5146
WFmkoRtBmM6zrH6mECrVhCjLAT8THNLinfikpgXbBUsjxX1,13510.9056,8.2055,13510.9056,8.2235,13510.9056,7.7173,13510.9056,6.757,30.9034
WFpJ7fbhiZQRBUR7RkskmhoPBw25yvcMXGiZAyej8CUXigt,,,,,100,0.0571,299,0.1495,0.2066
WFqn7ByJbSziGrd7XHGto7h2pESX9K5Xjh8FFCUuZjANN28,101,0.0613,101,0.0614,101,0.0576,101,0.0505,0.231
WG6txEeRDYo1NsM33yJCZVMaDSpfRxFbxz5Xsy9VexoX6hp,30990,18.8211,30990,18.8624,,,,,37.6835
WGJ83P8fhw9xcay7SBPT1258P6ty8Yj27qLSgFL96HBt4H1,370,0.2247,370,0.2252,370,0.2113,370,0.185,0.8463
WGQ6hA5G51mcBXBd7XGWEBTLDtBZcRLpa5w8xtYh1AD1kJ3,5000,3.0366,5000,3.0433,5000,2.8559,5000,2.5005,11.4364
WGQHscu9CjkWvtusUL9XFUVTKBbzUrK9E3oS3hogWZRgGij,980,0.5951,980,0.5964,980,0.5597,880,0.4401,2.1915
WGYdJZ5RmQxgTZR3AqdSnbFd4hqZ5zVgeChksZJGUzrh3JF,586,0.3558,586,0.3566,586,0.3347,586,0.293,1.3403
WGZHjJUwWfRG7Lk4thA1xNSyaXZGBZrWHKUhHCzYRaYgvNd,,,,,,,598.4895,0.2993,0.2993
WGaXPqibyrHdnoApB9NN8NpHnQddhNpKBXrpasRjGwa5ZaP,100,0.0607,100,0.0608,100,0.0571,100,0.05,0.2287
WGfsonnNKtjLUKtqEcfiCPQmSskRF35bLywS5myMS9oAzcG,200,0.1214,200,0.1217,200,0.1142,200,0.1,0.4574
WGgd3RFP85kFQi3EPmEAdQts5YUgbgedPVL1WdoyBDxhfC7,100,0.0607,100,0.0608,100,0.0571,100,0.05,0.2287
WGx7BdfwZtGWHiMEHru4hJVmA1z5KRwuEvLribtcDvSpfZs,240,0.1457,240,0.146,240,0.137,240,0.12,0.5489
WHh8yGird1P1QgiCw6kmMbRpb5dTeyZy3LTwz2qVztKFLW4,200,0.1214,200,0.1217,200,0.1142,200,0.1,0.4574
WJZVAfYbQAkxXjPJWVB7Xs29Q7zSGay2uHCA17SD8qpKE4f,645.5,0.392,645.5,0.3928,322.75,0.1843,322.75,0.1614,1.1306
WJhys9MobebptYsu1Kfp1bD4x49pLgemfuTtNzaQkPHbwah,500,0.3036,500,0.3043,300,0.1713,300,0.15,0.9293
WJzrLWz5hpsGxX4Rd4mTwW5w1n6kA7uiHmN137hKBns5Xiy,10000,6.0732,10000,6.0866,10000,5.7119,10000,5.0011,22.8729
WM6BK55omxAYMSF2LfhAzsRVscSxPAfXMbTfdhtY3fFdCpW,,,801.7754,0.488,801.7754,0.4579,801.7754,0.4009,1.3469
WMHDDs7sCuPUos4BJTmqgKWZVbq7jExPPasStiuCoyQuznf,1200,0.7287,1200,0.7303,1200,0.6854,1200,0.6001,2.7447
WML8DWgCqDw69JKTiPdEkQdXYBurYHGwWw6WyRCP5mBv4sj,240,0.1457,240,0.146,345,0.197,345,0.1725,0.6614
WMLnY3nfMK227t63xposQ5jSMPV2ikxkiwUKFDPVwJa3Qhg,3170.2836,1.9254,3170.2836,1.9296,3170.2836,1.8108,3170.2836,1.5855,7.2513
WN7PiNm5sYDZW2mG1kqn4VUCz24Up2nmWYjzsuzfCsRucta,350,0.2125,300,0.1825,300,0.1713,300,0.15,0.7165
WPeA2FtadbzCrzaudYB8xFeFNND48bmJgTE78SNvZLTJjmV,432,0.2623,432,0.2629,432,0.2467,432,0.216,0.9881
WQhBWNE1b5FdmvtPDQiCaeYZwMg97mzB2iPJTBjTgCmqiQm,500,0.3036,500,0.3043,500,0.2855,500,0.25,1.1436
WSN4QUVEQtWBeMdJ6Jp2qDxswLbJt9SNXhAccPnbsL8ddrz,102,0.0619,102,0.062,102,0.0582,102,0.051,0.2333
WSq6T1fNAmsnSAk75ktEkcuXFPpQqSc9SWUpzwhSHTssBuy,8088.4,4.9123,8088.4,4.923,,,,,9.8354
WT4F6szAiyp9T1LvvKrYZMgatjF4T1ZFe7DNh9uXMawo5Rr,200,0.1214,200,0.1217,200,0.1142,200,0.1,0.4574
WTH1YDqn69hUKE1VRBG5GZrykovaB6yA6gLBj1LEcKKKy5h,348,0.2113,348,0.2118,348,0.1987,348,0.174,0.7959
WTPSRRomN9veBVPmzZY4bTzDuJHAEBaQdyfUceJ9pet79Wx,1100,0.668,1000,0.6086,1000,0.5711,600,0.3,2.1479
WUojMqV3Mip9Fk9i76SU6byNGYoAPohVLvuf9qZ8NJtf5uY,3440,2.0892,3440,2.0937,3440,1.9648,3440,1.7204,7.8683
WUszzZrmymsASemJqEAQEYHAwubsj5DdPC7Cw1sh659m6aa,750,0.4554,750,0.4564,750,0.4283,750,0.375,1.7154
WUuxDYtvrsacwT5V38s8RTKZKpW75wh5sMuZ86m4MtyHQxJ,,,500,0.3043,500,0.2855,500,0.25,0.8399
WVJT4sSz1gc3idbJnWupbDA5aCNvevu9vLyMB7X12kVNBNU,400.8125,0.2434,400.8125,0.2439,400.8125,0.2289,400.8125,0.2004,0.9167
WVTVhQ8CLEaE3MiKNPqtPm11vNFW4Et4dt7QN3MoyewFZVW,,,,,100,0.0571,100,0.05,0.1071
WVZx3ysDVotF6A3UrzBhvKAvudPTmkHtVM9dQnn3URXVjr6,1265,0.7682,,,,,,,0.7682
WVkbVUmT7KWtKpN8TsxqU9XC17HL6Mo7m1vcGfVC51fPErz,1627.7688,0.9885,1627.7688,0.9907,1627.7688,0.9297,,,2.9091
WVtJeF7t7PTmfjC5LzikL7cgCcPNDGsvkqQWZFYNTJfN8us,104,0.0631,104,0.0633,104,0.0594,104,0.052,0.2378
WYfVnuxMM8ziiZG6JBGRyRty1wc8YLhj5aiVauKCXWW43je,120,0.0728,120,0.073,120,0.0685,120,0.06,0.2744
WaJPC4HBghfsda3dYnrfhFkVe9338gy4cnNstQaKZ3sWkZx,265,0.1609,265,0.1612,265,0.1513,265,0.1325,0.6061
WanMp5zthbsEVc6PDQNYuCqJbbkqoqfoYoHTnNMXMK3oxQe,100,0.0607,100,0.0608,100,0.0571,100,0.05,0.2287
WbB2BcGDYrJ8dBY3eVxfpNMwSnp42vAQAqDAUGF98TG8Usx,,,,,,,2088,1.0442,1.0442
Wcq2NkQj5HKLDcRYeRvcnD1dP5VmYemjv57DzFES1fDRzqU,212.5236,0.129,212.5236,0.1293,212.5236,0.1213,212.5236,0.1062,0.4861
WdHp7karFJ6C6U3WhfhNrbGeuoUrZboCvv5vHvF741SMvg3,222,0.1348,222,0.1351,222,0.1268,222,0.111,0.5077
WdoFyWooXRbKRv3Wxge2S4czWkatUYat5s8FFKRoEsTfXU3,,,100,0.0608,100,0.0571,100,0.05,0.1679
Wdwbi6FHXTWLkYtfxoEvn1JVK6N8U64LgYNq4cMXgBgJQfR,33478,20.3321,33478,20.3767,33478,19.1223,33478,16.7429,76.5742
WfidPcqUSBo8BbGRXtRGZYdJ7RaQGXjPyfzAj2sNbTXHcUz,100,0.0607,100,0.0608,100,0.0571,100,0.05,0.2287
Wfu6YjjWyxu4YR7mB9DS7Dv8mTBUTKLtcwHEcLwnqTV6qLU,521,0.3164,521,0.3171,521,0.2975,521,0.2605,1.1916
Wg1dtAopSqECxxxkZjCDBUDE65WLcMKt9DWGvGvWaMXVzMS,100,0.0607,100,0.0608,100,0.0571,100,0.05,0.2287
WgHWprK1UL9f1yxb8y9mZDxE7tQmw6Pw4DEfWe9oqrz7Hju,109.5095,0.0665,109.5095,0.0666,109.5095,0.0625,109.5095,0.0547,0.2504
Wi1NgyhePQEYXaKf698NZGcshFTVN3YedGjeyDVwP1X717v,250,0.1518,250,0.1521,250,0.1427,250,0.125,0.5718
Wi3TW1tnzvsCx7ZGEcdV1YRnEMACBYQV5Mckb4nMgYQ7JMT,,,,,500,0.2855,500,0.25,0.5356
WiBkxapYfBSE6feDL7LY9iEz9SD7tL2qVWHNUVuVch8jDCg,546,0.3316,546,0.3323,546,0.3118,546,0.273,1.2488
WiJup5747AzW7hNQPEUrUbEXGCX2zPbijpsKZSXdCnqxdf5,7075.785,4.2973,7075.785,4.3067,7075.785,4.0416,7075.785,3.5387,16.1844
WiQgHaiotkVTK7m3UjxjzparKvFFNaKfLQme5qHB35Z3f1p,200,0.1214,200,0.1217,200,0.1142,200,0.1,0.4574
WibQYMKd3xyYqyB2YrrtQbDwqHVSbvqwx1y3o2MaZi1e9m1,19350,11.7518,30127,18.3371,30127,17.2082,30127,15.067,62.3642
Wj8J5qKo7VgsnEq3GMQ113cmuRBDR146nAEkZUXwK3WKkwC,200,0.1214,200,0.1217,200,0.1142,200,0.1,0.4574
Wkt6B8VB3YQo8Cet3bupq5rcKRPNHHFGim9eJ1VA8PeVyrN,5000,3.0366,5000,3.0433,5000,2.8559,5000,2.5005,11.4364
WkyrEHBsooVJ7hH1ftcJjJpaph37nf4CCLzxNagcTMr9QGX,101,0.0613,101,0.0614,101,0.0576,101,0.0505,0.231
WmT6FmJQXDVgXeKx1MudNodZKk3BbzhCMzYJNLfw76sdsSq,353,0.2143,353,0.2148,353,0.2016,353,0.1765,0.8074
WmbDDxCKQdyNa9gYAKdEgtpb4w8az44ztVwZtn3kwmX3R3F,100.9963,0.0613,,,,,,,0.0613
WnrZbM2ZxNADpBvNGxVxX4pMEuHF1VSVJKkMWtiGAWNSRHG,,,,,,,100,0.05,0.05
WocaEgng1eVGs9Wzgdi4M9Kmn5K9ErwyrkrNyLHj4WTGycK,,,5312,3.2332,5312,3.0341,5312,2.6566,8.924
WovVWFt1dkNjEjvLF2hYKoLXzQsSPhSA2xDAH2YP5f6HoHo,300,0.1821,300,0.1825,300,0.1713,300,0.15,0.6861
Wp2aziLwjhBrHi7roZdSpPupLE6Qq14XXvuyALBs7jtveDW,355,0.2156,355,0.216,355,0.2027,355,0.1775,0.8119
WpMSz2SnnW92ZS9XqkpFbRbYAC46sERp9ntYVdVm9Wt7GhQ,120,0.0728,120,0.073,120,0.0685,120,0.06,0.2744
WqksWkKbpEoApcosMW7cWN12d3QUYgK8v23dLtr41DUUtti,,,190,0.1156,190,0.1085,190,0.095,0.3191
Wr432uEofGxTdTWJudtanVso6aoRnKsk6hwquqYDkeknCuZ,750,0.4554,750,0.4564,750,0.4283,750,0.375,1.7154
WrAoq3NKBHR5ZjS3vSp4XsKxV59U9sXDvSXWcNDdtVMQXot,1650,1.002,1650,1.0042,1650,0.9424,1650,0.8251,3.774
WrGRYy4tGxBpM8CnZQeo1xGPa1XupN34NCQoV9WVH8AJj2H,100,0.0607,100,0.0608,100,0.0571,100,0.05,0.2287
WrqV7M1eHnPx8pyAaLie5eUmNjizrrRAQVmkdNu9d2KQupE,100,0.0607,100,0.0608,100,0.0571,100,0.05,0.2287
WrzhE2xfNhDbAt3RpkA65DXEcg3NK3RAHLYgDZxM6YcoysK,569,0.3455,469,0.2854,469,0.2678,100,0.05,0.9489
Ws2jMnBpVD7wAuVmWfiWPeR2U7mHDvNP5G51KR6ZN2PeQgr,100,0.0607,100,0.0608,100,0.0571,100,0.05,0.2287
Wty7YAoEr2YNKrA8FBwwuR4N6t4DJ5bZ5v8BnrKGPMLToP9,260,0.1579,260,0.1582,260,0.1485,260,0.13,0.5946
WuMtbkuZyBF1c5rxrLJXZiHgf2ExydiYM8Jaecrt7ZJKhkh,353,0.2143,353,0.2148,353,0.2016,353,0.1765,0.8074
WuSTANhkhikbhfsifpeTW3dHvb4UotErkCCs7sLxxGfg57z,200,0.1214,200,0.1217,200,0.1142,200,0.1,0.4574
WuWgcTrcCRf9zqBXQTfnvhmX9yjFDGJ2iBScaaNcBpbjiN9,2027.1166,1.2311,2027.1166,1.2338,2027.1166,1.1578,2027.1166,1.0137,4.6366
WvVZakCirTL1Vbiaqa7mupWd5edL43sNj63MWq2GoTrqiS7,500,0.3036,500,0.3043,500,0.2855,500,0.25,1.1436
Ww1yvL1FasQGJ97p5mQJq7txYDGfdyZk4ueq4hJBbSHJ5PZ,100,0.0607,100,0.0608,100,0.0571,100,0.05,0.2287
Ww4H8jbDT7ez3N3rx6Hi3utkmqSBoQaQMKvJMbeNkrtx51d,100,0.0607,100,0.0608,100,0.0571,100,0.05,0.2287
WwMJuRi5Ecxj2BqWoeD5LKcim92wi4jz5K8zTBCQ5DD3nD6,12000,7.2879,46000,27.9984,46000,26.2747,46000,23.0054,84.5665
WwmJYwMzggUuoJJq9QYNG28q5BTFubpRn6nVXJkxTcYefXg,200,0.1214,200,0.1217,200,0.1142,200,0.1,0.4574
WxC2XbdKXT7o2N5vaR5XGrULQiyjFz2NuHTSekdePv7u5Y1,400,0.2429,400,0.2434,400,0.2284,200,0.1,0.8148
WydKikChK6sCX4je5EzbaBASsjkGhYtTzzvzYzfhGZjFUmk,100,0.0607,100,0.0608,100,0.0571,150,0.075,0.2537
WyxRor4728SBekUxziCA5J4qpv3q3VMRhBpp1i3ZYE58bwY,100,0.0607,,,,,,,0.0607
WzMccMGVC1wdSPZzsKw6qNMY3h5szisAcM2tazJg6iUDNVd,1028,0.6243,1028,0.6257,1028,0.5871,1028,0.5141,2.3513
WzTyFUWdKH7VxNMind77eGij8xhumzpmRUvZScN6JBbmenC,150,0.091,150,0.0912,150,0.0856,150,0.075,0.343
WzfNw8PaDaAvMB2pufXHggNuM987pCHwbmWyPGGMLeckwmZ,100,0.0607,100,0.0608,100,0.0571,100,0.05,0.2287
WznQUARPGiFyrYAyeCghRJs22WnAr6jqS9nSw7bvLdznv7f,,,,,,,930,0.4651,0.4651
X2j5G3Ezecs5ULGpYmBiUNHYt8VaLn7nCJzj4ttqx1bSDcu,1121.1749,0.6809,1121.1749,0.6824,1121.1749,0.6404,1121.1749,0.5607,2.5644
X2nCRbsZ3nTz3hvwsEBdEMkwVnJ7GFVSZ7WSgus7A53PTfa,100,0.0607,,,,,,,0.0607
X2qWaBJEdKLqcSvH56heTkWsuM5GH6s6LwyuBLFoZh3KoAs,100,0.0607,100,0.0608,100,0.0571,100,0.05,0.2287
X4znYEA2KNApRZnaU1cAg5pjotyMMf71nY1xNw4hqj37tAC,3720,2.2592,3720,2.2642,3720,2.1248,3720,1.8604,8.5087
X5EHKupsyuFDujWpMrdsLvZrewdUsTk4CjJxBEGh71xvymE,100,0.0607,,,,,,,0.0607
X5PCJ1fUBYzoCYBET7SXZJSi778s7C6Ju91hiGazFFyMkTz,113,0.0686,113,0.0687,113,0.0645,113,0.0565,0.2584
X5it9VdYoxHkVWVgv7HM54QYkezV5YtmM55v3sAqVnKsXpT,8000,4.8586,8000,4.8692,8000,4.5695,8000,4.0009,18.2983
X5uLqnEqPC71DCNzSDuN7H8wzfV6Zp5HR7WrTVahtT1SJ1C,1235,0.75,1235,0.7516,1235,0.7054,,,2.2071
X5ydd8g22xYtWPD8YBtQmFnRG7Txy1zVJcTUmTDRESXrJWp,250,0.1518,250,0.1521,250,0.1427,250,0.125,0.5718
X64UjmjPYNaSALDcTbyKNoaBaicAfvkDnjdFGaTq7Rmiw3F,1459.2603,0.8862,1459.2603,0.8881,1459.2603,0.8335,1459.2603,0.7298,3.3377
X7daFh96pvbvm9xCwrWXLcgeaCymkVDU2U1JugY4uwBbUBB,400,0.2429,400,0.2434,400,0.2284,400,0.2,0.9149
X7ddSSVV1hvgivSgJBjrB9Pf8WMLk3w5FafHA5jTJz6eaoy,,,,,,,2487,1.2437,1.2437
X7jBuEL1Sb1rnCXwJxfwAKMtWQ4LP6mssBuPyyNDA3upR7T,620,0.3765,620,0.3773,620,0.3541,620,0.31,1.4181
X7kRprJY1VBMGwu5ggAuHvMLupqfg9kcCLznEKZe4ef5vQN,,,,,,,400,0.2,0.2
X7oM2jYJWBzutTKAAiZ6Mby3igxUErYoT7xH9MKLcaBX9gr,,,100,0.0608,100,0.0571,100,0.05,0.1679
X7oyKLG9wavM7TyY2UsvuRN9wTNsQqJVYLtvcfjAMPXss91,,,,,100,0.0571,100,0.05,0.1071
X8AegVsbNtufBE86byGQ15CZBDXfNCsspryyEhLLErUQ7su,499,0.303,499,0.3037,499,0.285,499,0.2495,1.1413
X8YNPQA4aexmUZ4Y2uLvMqZuHzkGZTmPdfDQuap6E6cbNjf,117,0.071,117,0.0712,117,0.0668,117,0.0585,0.2676
X8Yao7ED1RjB7Gp734D8YuFo9aHEkeNUeUbZcYmRFkGcT5y,106,0.0643,106,0.0645,106,0.0605,,,0.1894
XAFnSMz6pge33AVHhgFucAk2ughooRUUjwLBCgmU3au9j5W,400,0.2429,600,0.3651,600,0.3427,600,0.3,1.2509
XAJEEcPSXT5ki2yhV6jRDpwTedCq7XQw2pPbwsfVmcRqiqo,102.5,0.0622,102.5,0.0623,102.5,0.0585,102.5,0.0512,0.2344
XBAX6f9LjFPk81tvJHmuEWdhaNRmACNGnGTsXu8YC9AQ36J,300,0.1821,300,0.1825,300,0.1713,300,0.15,0.6861
XCrqLN67JCv8K2T3NKrfMdpGuZUoouEEmnWaBQgau4ZFTaB,100,0.0607,100,0.0608,100,0.0571,100,0.05,0.2287
XCscbCF72NYTkezeKnJKQeFQKBUx5M5c94eTQMGabeSjcEs,827.9,0.5028,,,,,,,0.5028
XCt9m8WPRpkEwai67APXHuPWfcvPGZeaSeVd2jisrrbNvvb,2500,1.5183,2500,1.5216,2500,1.4279,2500,1.2502,5.7182
XCvQbS2krrpukz81FMhA44EqrxwvxoQWu1MEZXVt6eydvPc,1288,0.7822,1288,0.7839,1288,0.7356,1288,0.6441,2.946
XDtgV1yo3sZ9NRoBCjoUWxeqqFqNPkGu7TepfTN7LTMTqcH,123.5529,0.075,123.5529,0.0752,123.5529,0.0705,123.5529,0.0617,0.2826
XFRs9assLoywYNUFGY521WzERMgUdqhmTLodm7fXxkzusB5,3700,2.2471,3700,2.252,3700,2.1134,3700,1.8504,8.463
XG6wsub8ZwML7473PU5VgVasvW238qWHCPVqAdp4rAC2ppB,500,0.3036,500,0.3043,500,0.2855,500,0.25,1.1436
XGRP6GP9x1F3BW4D3AJS4qCp54ij22c9xMUJKYrmA4UG8pH,1588,0.9644,1588,0.9665,588,0.3358,588,0.294,2.5609
XJJ9ZG7x6NkwcJvvePdVsEfv8dsj8o8KpWgwfcL5LQg8DBX,101,0.0613,202,0.1229,202,0.1153,202,0.101,0.4006
XJNm5pbN65jYrfZ1eRC5tiFW9ZGo6xCu8mcGBPV81xGyMuX,100,0.0607,,,,,,,0.0607
XJPhezS1qaJN4YVDtMPnPcvExVyiScArrB92F5S3TA4rxAF,200,0.1214,200,0.1217,200,0.1142,200,0.1,0.4574
XJWT5QMhkNezvfCEzPZQAMLsp8PPt6xU9STZG5JYN9uBweV,1000,0.6073,1000,0.6086,1000,0.5711,1000,0.5001,2.2872
XJbBxfdZ5SR8FSjkR3xRoXqTE9LyYEDRVLYwTDwNaYF1PDC,399,0.2423,399,0.2428,399,0.2279,399,0.1995,0.9126
XJwWSGiZnFDirGfvqek7Km4E4Pv16Q7UF8fQbF4vowWUvHe,123.5546,0.075,123.5546,0.0752,123.5546,0.0705,123.5546,0.0617,0.2826
XLrqspxnrzPUGotRDtiB7VsaDiFH9RU28u9MYwiDZWBzUf6,2500,1.5183,2500,1.5216,,,,,3.0399
XM6eXHALGTgJ5ygBJk6sH69AhmAGK8VA5LF3SL5Q9VThbhK,1000,0.6073,1000,0.6086,1000,0.5711,1000,0.5001,2.2872
XMUC5yszne1avDW5wBPsi8pTRLb8TGfnRcBjKsBxVrFaU8q,100,0.0607,100,0.0608,100,0.0571,100,0.05,0.2287
XPEKkFuofNyTvBMd5NFhXot3gdxYfL6QeKigxihLTpr6Ufv,119.4477,0.0725,119.4477,0.0727,119.4477,0.0682,119.4477,0.0597,0.2732
XPZhrU63FAMCuBD9KQu4jSM1VyS7oGh3RykzhFiGiMvJdoF,3540.4132,2.1501,3540.4132,2.1549,3540.4132,2.0222,3540.4132,1.7706,8.0979
XPw1jgFTHRrnu8EM4Jz2fDWzkS8D7RJbWSFErq1jbXg2dRA,500,0.3036,500,0.3043,500,0.2855,500,0.25,1.1436
XQFJgesTvXsvjR15iiATqQFYdZDmurt32CEFzjtCgK2kpiX,111.3308,0.0676,111.3308,0.0677,111.3308,0.0635,111.3308,0.0556,0.2546
XSR8PXDAxteNZHRFqT1DXabcswtQvTer88Xy5xMQdzz3MLR,14430,8.7637,14430,8.7829,14330,8.1851,14330,7.1666,32.8986
XV6DGtyaVhMRZyNt94zFpUJBioPJqaWDJSJSU3APoCifqag,,,,,1000,0.5711,1000,0.5001,1.0713
XVHwXUSu8k33193Tj1frnwutiXWdMFyYTVWEkeKYsdhVrNj,600,0.3643,600,0.3651,600,0.3427,600,0.3,1.3723
XVVoBeQRqjaJtgj1HW2e1oTWTmneLdNp7yL22ubQ9X7Gyxb,484.9908,0.2945,484.9908,0.2951,484.9908,0.277,484.9908,0.2425,1.1093
XXhoeAgo8DDg4sxgPfs7k31qRHzxNSPR8vTPhaSsbiqUz1r,370,0.2247,370,0.2252,370,0.2113,370,0.185,0.8463
XY1d1r5s6hQTmWZSWbkp7FBF6GeqRhpM3DxBH6R9yiqkmt3,200,0.1214,100.5,0.0611,100.5,0.0574,100.5,0.0502,0.2903
XavV8frc3nkbx7BAg8QiVrxDHkdR3PjpR3hcf8v46CcqcBD,367.9966,0.2234,367.9966,0.2239,367.9966,0.2101,367.9966,0.184,0.8417
XbeiHmokyBTSpS7xzd8E9drAk8qXKToF4egQ9g3vrHSzUMj,3000,1.8219,3000,1.8259,3000,1.7135,3000,1.5003,6.8618
Xd2nRiwyjLU1KvmJnHFoWZCGSH24rBRjWktTgaSPn4qAdXH,465,0.2824,465,0.283,465,0.2656,,,0.831
Xd3Hgx56dven2QYHtcZh6mDnhEeYpJGK2qXtReStiGSPxQW,500,0.3036,500,0.3043,500,0.2855,500,0.25,1.1436
XdAen8VaAHKWfwMAhBb4t3qqxqjB37FeNk1nHPuG698okRw,705.5843,0.4285,705.5843,0.4294,705.5843,0.403,705.5843,0.3528,1.6138
XdHpfHKvajPwdKoZM22zgc5CVhWsHWk7mNHPxfLQUHptKXJ,650,0.3947,650,0.3956,650,0.3712,650,0.325,1.4867
XdSZHPoaahEuADUvQ6WPXDZeaVLPgCLp2gRXstAWNkqy9Bb,,,,,,,150,0.075,0.075
XdUBBGKCLSSSLnLoVxjMhpHxz6dcb4ztdf8Xfmtika4vsg3,2000,1.2146,2000,1.2173,2000,1.1423,2000,1.0002,4.5745
XdgqaFC4XMy5b615fUy3EgPifPGVaL3ikosHzXEhaP7soEB,336,0.204,336,0.2045,336,0.1919,336,0.168,0.7685
Xf95MFvUQh7R4uVPJhdKrmpbYAVJvN5qvG4KTRoeyfxXsz9,625,0.3795,625,0.3804,625,0.3569,625,0.3125,1.4295
XfxU6fEqKmNpiwHBToJxbst2EskPt25uYfn2qtryqEBd9QG,1516.5,0.921,1516.5,0.923,1516.5,0.8662,1516.5,0.7584,3.4686
XgWHpxQjSoEyrhnXchSoHa9WaVVWkMMpAypn73Tp9DFm48p,100,0.0607,100,0.0608,100,0.0571,100,0.05,0.2287
XhkDjWeHcHLia56u44KmiN5mkXzhMFD14vRnGpdC9eWx1vT,100,0.0607,,,,,,,0.0607
Xhu7ZndWaxvPqeidFPcjVTBZ2wUfj5oscHBSxceudJia9PF,300,0.1821,300,0.1825,300,0.1713,300,0.15,0.6861
Xi1Gnw3jvkC2ubo1kWMnQyz1MJsfogHECD7NV9WQguyVF8j,350,0.2125,350,0.213,350,0.1999,350,0.175,0.8005
XiRPEbvQt22GpbX3aJVMrE2XPjnsH8cvnQfLGuRSTufT7E2,694,0.4214,694,0.4224,706.7116,0.4036,706.7116,0.3534,1.601
XiXfcZxNzmxV7C1fADuvympAWFbc4N7JG9K7fagrjxBu3An,403,0.2447,403,0.2452,403,0.2301,403,0.2015,0.9217
XidM8enr3wcHdX1aFzdsuysdR5RyL9HAKNtzCko1XUiy1eU,516,0.3133,516,0.314,200,0.1142,200,0.1,0.8417
XiePHvby6DSBKyDWpnDeCc53Bt2iutJ2CYod5uaw38S9PJC,410.6973,0.2494,410.6973,0.2499,410.6973,0.2345,410.6973,0.2053,0.9393
XjerrB5tv2MRvihvkffkgPuGRqFrrxhXuYBvgNemSq2pZSZ,,,,,500,0.2855,500,0.25,0.5356
XkeX2NQdpgTbJdH6GibtLqStfTYuw1p4YZK6Vkb1yeD2tD9,600,0.3643,600,0.3651,600,0.3427,600,0.3,1.3723
XkfZFKGStduyabr5izjyZaBNBTUGeGzK7ULuf1siLbnsxZk,500,0.3036,500,0.3043,100,0.0571,100,0.05,0.7151
XkhJrZFoJAfzCHoJ9eiEWAW58Y3ehS9QNZ9vyMfXBcjwviS,125,0.0759,125,0.076,125,0.0713,125,0.0625,0.2859
Xm6VzvybDCmXYPaG12eFkSut1pjhMYWJ8wbJVFzr1he27du,500,0.3036,500,0.3043,500,0.2855,500,0.25,1.1436
Xo7UkoyoTN9Ni43ZyyXfFfCfXZLz2cJnvVJbwXMWqbCAdeT,121.3632,0.0737,121.3632,0.0738,121.3632,0.0693,121.3632,0.0606,0.2775
XoD5jqnN6okaNQVegnEMHArW92b1SKszepsfpEcovcJi9yo,100,0.0607,100,0.0608,100,0.0571,100,0.05,0.2287
XobbW5RQ3XttRE8uJ7AsGa9yLYbDzrzcsXiaZXTQ4iX2GCN,202,0.1226,202,0.1229,,,,,0.2456
XqcDypYZUmcJdTNrpgCjheXYtseypWbuQat4wnGtUBEugX3,400,0.2429,400,0.2434,400,0.2284,400,0.2,0.9149
Xqfw45LS7RUSbxGcikzPqMon6dV4Zc3aDQhRNx9DvCPnwDe,450,0.2732,450,0.2738,450,0.257,450,0.225,1.0292
XqmzG6iAVwZSqj3gb1NVkjFpnuQpRwSgWk75DBws3sZycXE,170.6286,0.1036,170.6286,0.1038,170.6286,0.0974,170.6286,0.0853,0.3902
Xr5zYNHq4JQNMsyFPHNwbKdejBtg9cHJdm9smTkDqm3JW1Y,134,0.0813,134,0.0815,134,0.0765,134,0.067,0.3064
XrEK7dQjHjqGo3EidpaciM7b9zf4q4A3qMc593cbAw7hsPD,,,,,,,101,0.0505,0.0505
XtT8aQNCYCJDw53T3xt2WBh3ZYWY74AgrJfJkH493zN6YEg,7622.5,4.6293,7622.5,4.6395,7622.5,4.3539,7622.5,3.8121,17.4349
XtfizqFDPAePsgARguZ1ZhQWQLntZrPG3dmJMnJFGFxzaQh,100,0.0607,2000,1.2173,2000,1.1423,2000,1.0002,3.4206
XthLAuegNDcBRue7N95auYLqUTsa4Z95FZhq47etdteFRoe,65000,39.4764,65000,39.5629,64000,36.5562,64000,32.0075,147.6031
XuMARaTdgBW1mpxCHXQAZLRJeTaAeJDGcwVcDnywYo6Rkx4,885,0.5374,885,0.5386,885,0.5055,885,0.4426,2.0242
XvDiyaPvBFgyH9rQKd1RsBuA9zDFTqWzBxjXSYU1wuAB6Gf,466,0.283,466,0.2836,466,0.2661,466,0.233,1.0658
XvhK28DMqEcuJFkzY8pRdLUYoyfdrYW2majsiLV14zJbC14,,,,,,,300,0.15,0.15
XwEBvxjPJqR1v8KjoT3N5ftYPphHsr3eUTmYaSFBgcpfQiT,600,0.3643,600,0.3651,600,0.3427,600,0.3,1.3723
XwTUidGGp5unhyG8JaB1WwTYdRxnNeKNjzh8oBMp8ZBqd2x,211.9886,0.1287,211.9886,0.129,211.9886,0.121,211.9886,0.106,0.4848
Xwa9vskXnbDeFcM5gfvcN4i3MNVoQGz3QF8HkYEAAuN8GLA,100,0.0607,100,0.0608,100,0.0571,100,0.05,0.2287
XwvgcKUhGppo738CKB2ZLaJYDsPeWdiaTT2CLjSe4YsmPp7,3000,1.8219,3000,1.8259,3000,1.7135,3000,1.5003,6.8618
XyY6AibvdpEnxbfTB3ATWUNEm1VVQ6Az7wmJ1ExGf6NhDn3,,,,,,,100,0.05,0.05
XypZKQUqbk546eXDFUSrHzMoVaAGwwKMurL72HkirtrNVYH,12212,7.4167,12212,7.4329,12212,6.9753,12212,6.1074,27.9325
Xz96J37Esge2tA2ocuahdr5eX1LmvH5e4tf7ryfyYqLp2N7,246.6153,0.1497,246.6153,0.1501,246.6153,0.1408,246.6153,0.1233,0.564
Y29tk9mr3m39gn97JJ1a9WxmmUcfik4KKYasbPFqQTcND9Y,,,,,,,100,0.05,0.05
Y2GFSspKYBnRs8NRDSXdTLXG9Ke7mCvGEr6BcWb71xGmCLp,977.3287,0.5935,977.3287,0.5948,977.3287,0.5582,977.3287,0.4887,2.2354
Y2R4br5XAwFV7kqJfFJe62veaQQMjp6BC4QTwK2RLVDAiEk,,,,,500,0.2855,500,0.25,0.5356
Y2h8x1ewsLSVNGNhGmtfuNMiTJsF1kDsKWQcE2kWQXNbm6k,100,0.0607,100,0.0608,100,0.0571,100,0.05,0.2287
Y4qjYLtw9ztXWF92XHqZ7RQqqR9TN8KwyC46QSbwUUq8U5o,305,0.1852,305,0.1856,305,0.1742,305,0.1525,0.6976
Y5c57mg3vHT4oz9po8Vwh8oTUkr7rkdJ2WMhxmCAMyYjS37,10861,6.5962,10861,6.6106,10861,6.2037,10861,5.4317,24.8423
Y7EfQ1qwHyj94ssJQRYsa2YMLswPcPJejs8FJXzAsBvdLoH,110,0.0668,110,0.0669,110,0.0628,110,0.055,0.2516
Y7TK5Wi5ks8kgBaN5r3F8xrRXCDxF5k632QiA2tNuYj7Emr,200,0.1214,200,0.1217,200,0.1142,200,0.1,0.4574
Y7e8CUdn7sZDM3HXG9vXECdd4FGWDnxy69re5d8okTxeg9N,6680,4.0569,6680,4.0658,,,,,8.1228
Y7tamr3QWcW7A8qNRfYZqHv1EwespuJ4eQoyr1F8qeRtuaf,180,0.1093,180,0.1095,,,,,0.2188
Y8GmKcXKSeeq72JL9fZaL7veLtzXRuRBh6DVHzADbJ6oADg,5720,3.4739,5720,3.4815,5720,3.2672,,,10.2226
Y9gdgx8Wv11sUk4ZyCVRydgxSAbsjoNx2d4ABYxF4Fhqu5u,659,0.4002,659,0.4011,659,0.3764,559,0.2795,1.4573
Y9zSV6xLh5STP71HLRgvDEu7oR3rTaSd4aiS5NEkP8Xg99N,670,0.4069,670,0.4078,670,0.3826,670,0.335,1.5324
YB4MAU39fLfSzsUogHjWTKmzNEA4ax31WzxYRiABnYomoyF,,,,,,,140,0.07,0.07
YCiik3VxgDJsV35kPqWkzfucJjcGT4U26F2ey3q21Q7KrVX,100,0.0607,100,0.0608,100,0.0571,100,0.05,0.2287
YCxHEW8oHqXw9mjq8PrbQNk3ajmmMn18umk3HEUqjQhGNAK,248,0.1506,248,0.1509,248,0.1416,248,0.124,0.5672
YDMkGTMdN1qiDfHwTGYeZwRr6k87saocrk8wdVkT3LLF82T,594,0.3607,594,0.3615,594,0.3392,594,0.297,1.3586
YFD6PfBxGXk1i9VeAaMJ1J5XXMFsN5S5Z6n2w6CUEj8KToU,200,0.1214,200,0.1217,200,0.1142,200,0.1,0.4574
YFdf6su5NTZpZJpJJ1TLDML2n2m6uVzpoWwm8iWVJjtoo6d,,,100,0.0608,100,0.0571,100,0.05,0.1679
YFonwVDBzGU11HNyMiyrRtGK6FiWf7zYy3zv3gLSaUKoYHj,210,0.1275,210,0.1278,210,0.1199,210,0.105,0.4803
YGB77429jqajwGGoGqhePdqbk46dMuuVfBRufeSiWPKXNeK,299,0.1815,299,0.1819,299,0.1707,299,0.1495,0.6839
YHrw7Tnk8uD3K2BYSCBtuafCde3Ua4y7pKcTTi2S8b2hPhZ,430,0.2611,430,0.2617,430,0.2456,430,0.215,0.9835
YHsLzw27i4vMRMLigTeZ2gquxQp8orVuYKNDBoF5KY8q5Vb,100,0.0607,100,0.0608,100,0.0571,100,0.05,0.2287
YJTjc9iQuUXimtEwnCcHQ9KnNuE5MKzWcMPgfhNjCWGJHmn,704,0.4275,,,,,,,0.4275
YJany4DCtL4Q7BKD6QAPp1fJNMp57hghNr5itCSZtCMK7qm,1970,1.1964,1970,1.199,1970,1.1252,,,3.5207
YJbsdtYn5JWmoCrPeYrVTjG9Z5BYVZqZo5gUtkvDHL5fsGt,499,0.303,499,0.3037,499,0.285,499,0.2495,1.1413
YJfFB2rS8uwmrpfFZirwciJt468FaQHt6yrRKM3AtMMzLgE,100,0.0607,100,0.0608,100,0.0571,,,0.1787
YJtEqwbmHCHw6MqojnLEdvUvdR2ufajDkLfQTvRsUexwUZo,178.1712,0.1082,178.1712,0.1084,178.1712,0.1017,178.1712,0.0891,0.4075
YM3pvkjyJRnUfdHNmJyXMmcsq7uTszY9AtijAGxyPBaNnZX,200,0.1214,200,0.1217,200,0.1142,200,0.1,0.4574
YPL4p2z7xW3FG5HRnrEDwzGE1g14P3ftKczg6QPFJRzjVDT,4527,2.7493,4525,2.7541,4525,2.5846,4525,2.263,10.3512
YPjKfaQdNmx885PExN3FLAVNVkWkEXdXCiGoXFNnJ94DZhM,6839.9982,4.1541,6839.9982,4.1632,6839.9982,3.9069,,,12.2243
YPjSdjyzVyuwW9tbyAaThyUG2ZJ7gVUvJg5iLkzyWHXTgBk,,,,,,,300,0.15,0.15
YRfSXQ7bWPQmCHRQMGTGD9GJzgQ6y6TJ64YqbQKp4dqmKHP,247.1109,0.15,247.1109,0.1504,247.1109,0.1411,247.1109,0.1235,0.5652
YS8PGt3bTkdLFxjNrTk8cuFZAgUMypzANGvD74jfDYFZYpw,800,0.4858,800,0.4869,800,0.4569,800,0.4,1.8298
YSJfJ8548SBK4DZ4hkJq4yKwZTZZDztWWE72Z5nGzAoU4up,164.1582,0.0996,164.1582,0.0999,164.1582,0.0937,164.1582,0.082,0.3754
YUQLb9wfDT4kCG9Uz342qi8PDpjmPyqoTT7nrciwNmggk35,6400,3.8869,6400,3.8954,6400,3.6556,6400,3.2007,14.6387
YUqLWDXhmBUxEXhDcKfTveBHWeNjy1kd7nMY5Ak5SQMmzwm,195,0.1184,195,0.1186,195,0.1113,,,0.3485
YUxuD95yPmmPvvsY5Tf4QfP4ii7CjF4noPgBityrD7U6p3A,2000,1.2146,2000,1.2173,2000,1.1423,2000,1.0002,4.5745
YV7Dr87xudJGnCp9DLnxPTn6vHergndvBcCjJWfUPQt2bf6,605,0.3674,605,0.3682,,,,,0.7356
YV7YgwTD7aP6Vmn1eo8tEPiVawBPYLqfxVdAmmZBB94A86m,110,0.0668,110,0.0669,110,0.0628,210,0.105,0.3016
YWo5dQwNFpCJJSRfC6n9bn8T45ggmu3WsbbJqwEffXecQwA,120,0.0728,120,0.073,120,0.0685,120,0.06,0.2744
YX8bHJvrdBiEU8P45m1D47oAPDjAo1scne7CgFwAWeG4yt6,125,0.0759,125,0.076,125,0.0713,125,0.0625,0.2859
YXBBe5zhjrg8FhnWadz7EUrVY7LBDU4hBYq2UgRKyMyyWnT,75908.7316,46.1016,75908.7316,46.2027,,,,,92.3043
YXtTn8KSi72xTirsLkUsjrzUPGrssJ2PqEfQwNK6MK4HkQ1,190,0.1153,190,0.1156,,,,,0.231
YXwhSRcmjy8ZkdAcP1RxptZjPuX3grXxpKW9LJa6XXAYZSd,23500,14.2722,23500,14.3035,23500,13.4229,23500,11.7527,53.7515
YY2W1Ui6tswQ9vMo1uWfyQ3oTkRb9uam5CoJzGY8Y2NLd7n,247,0.15,247,0.1503,247,0.141,247,0.1235,0.5649
YZkjeE3o46b2HVVzkv513rXkwD42mYTEfPmQpB2spnpFQ42,1800,1.0931,1800,1.0955,1800,1.0281,1700,0.8501,4.0671
YZr65ptJ4sExWM186hQpxLCM4GBBtF8ojZ9gyKCgr8dzDCR,100,0.0607,100,0.0608,100,0.0571,100,0.05,0.2287
YaXp7eLNzjKJAM97MCkAMWzozktUHuhngKpHSD61U86uAJU,1300,0.7895,1300,0.7912,1300,0.7425,1300,0.6501,2.9734
YbgKTavafdNoZYraVL79xH8uRZK8CgC9sBAxALjDhVLWvd3,105,0.0637,105,0.0639,105,0.0599,105,0.0525,0.2401
YcFfTbHxH2QvBSAqrRQEnDpvrZnAfoW3gN7DPgXbZqGFuJS,600,0.3643,600,0.3651,600,0.3427,600,0.3,1.3723
YcXrgQRnK56rvhMZMuHrnZC1fH3MdcGv1fwo4HmehgmrgJ6,299,0.1815,299,0.1819,,,,,0.3635
Yd7Li7MnP1eUUCKBKachFWwwDCuZ1dwbhWAxTfWAcMC3jKN,255,0.1548,255,0.1552,255,0.1456,255,0.1275,0.5832
YewsBqRB8g9F9RcCLktuyvcQFT1xLoK16G4Nf1j822mtxD8,400,0.2429,400,0.2434,400,0.2284,400,0.2,0.9149
YfrMMuTzfgqD4dbp1ARCdSTnXQhkfWbDDmnjxpSjNAQ86JP,264,0.1603,264,0.1606,264,0.1507,264,0.132,0.6038
YfsSP5qPHsvGKqGqtwjEQ36qi3Je1g8cnPNWYahS96PYcPa,2000,1.2146,2000,1.2173,2000,1.1423,2000,1.0002,4.5745
Ygr8Yfg2R6XgeuUp7eVu48Fix5NmYE9TDJUoK1wkhrrAv6D,,,,,2000,1.1423,2000,1.0002,2.1426
YhPgzAXsmQMmJQDFBWwKNxQ5BvcpJXEEGonEu3Kt8wMs7Bp,47322,28.74,47322,28.803,7322,4.1822,7322,3.6618,65.3872
YhtVEFNTav855ogVuYsjTij6j2J4Rry5fTE6e6u22LbFVM1,,,300,0.1825,300,0.1713,100,0.05,0.4039
Yhyx5NdhcA7DgPQzTLFzN49dmSHA1Jmpak22QZaWGfM9jPf,18631,11.3151,18631,11.3399,18631,10.6418,18631,9.3176,42.6146
Yi7JLPL81FjypN71TDJVnYE94rYq95vkFihxjao9dCVPurS,2400,1.4575,2400,1.4607,2400,1.3708,,,4.2892
YjugF52jT2iFe96kuXNjUKac76iyYi71ZNQX2WaZHkczGLf,100,0.0607,100,0.0608,100,0.0571,100,0.05,0.2287
YjuqPYaRnBop94qv925q4H5gCD2rWvb6VJiHYmHQnN8Y1xP,126,0.0765,126,0.0766,126,0.0719,,,0.2251
Yk9MvfjqUxdyAoPEjoa46rZXSnXY8wZ3DJDrFH1swqrN3wJ,266,0.1615,266,0.1619,266,0.1519,100,0.05,0.5254
YkeB8HGcCsnxPgSfjF26oLY67VxR6C7XawpQ1kZYQXptBxn,600,0.3643,600,0.3651,600,0.3427,600,0.3,1.3723
YkkYigJ8m8Wzktrvj5yMdip27NBKMnJrAMW3QtpApQBsCLp,,,,,500,0.2855,500,0.25,0.5356
Ym2WEHZLWKz6YgQBcDiMYtQKruXM6L4PGdjyEoVsx5Xe3n4,,,200,0.1217,100,0.0571,100,0.05,0.2288
Ym2X166BmPGa2fYSu1bkBXoZJXx6UQ1ZnQnyJmXaahq9faW,300,0.1821,300,0.1825,300,0.1713,300,0.15,0.6861
Ym5H9PMRRCdFNtPuDfbg1Km1YkiiHcsEYWZx1MNeLPbTnKB,150,0.091,150,0.0912,150,0.0856,150,0.075,0.343
Ymj7e9Jn3t5yGR89Xot6p1BVsAZAarrWXTKQmzVwF2wvuuw,200,0.1214,230,0.1399,230,0.1313,230,0.115,0.5078
Yo8RhLTHyNUMmsGYNegCfstVfBnCXiFd8qg8JEmyPtS8Pm2,,,50000,30.433,50000,28.5595,50000,25.0058,83.9985
YoGy8prq4HAjebm5ZQrh9cKVb3NZTg8renhu5s2A8FiZ8ry,386.5643,0.2347,386.5643,0.2352,386.5643,0.2208,386.5643,0.1933,0.8841
YoL7s7BVfRMs8Z7yPpQBJFpBnX3VoeGE1AAStiG7t3uLWhD,1000,0.6073,1000,0.6086,1000,0.5711,1000,0.5001,2.2872
YocgAWEnT2Z6JxmVkVSkCjF41EP6t6653nCCuhqGGRExCjf,10000,6.0732,10000,6.0866,10000,5.7119,10000,5.0011,22.8729
YqXtkm5NzymJKJvH9qinVaFuiT2FyysM8dfQ5m1dPmEUh8Q,1000,0.6073,1990,1.2112,1990,1.1366,1990,0.9952,3.9504
YqyetFe72rQzy8yW8QoBAKkDTgRZAdjDzRZU4mFoagNKqcn,300,0.1821,300,0.1825,,,,,0.3647
Yr7ZxQJX6Ho4qBFywoA5hvFSxpBtLQv5T4LnLpzy3MffKJa,3500,2.1256,3500,2.1303,3500,1.9991,3500,1.7504,8.0055
Yt3aLHKh2vVqo1TUMEUVzqrx6wWzwZQfoGNXk2Mh8VcjvcK,1394,0.8466,1394,0.8484,1394,0.7962,1394,0.6971,3.1884
YvmU3XnGLXVqxDUpoJ6AWa4gme4BGDWbyLuQ1RFrQBYX5bG,100,0.0607,100,0.0608,100,0.0571,100,0.05,0.2287
Yvu2ViVqrVYsL9FFETcizoxYFBz1daQVeWN5hBXbNphuiW8,,,,,340,0.1942,,,0.1942
Yw6zXcfMazuumMiYGjj6x3VUioKaSDfiNT6ybzRky6f8WAj,,,,,1000,0.5711,1000,0.5001,1.0713
YwVMeo7mGtPfPPQCTNzuAUaknyBJgoRYGnXcMHsysYUV881,1400,0.8502,1400,0.8521,1400,0.7996,1400,0.7001,3.2022
YwYfMjWkfX8ybj5tJyxXYXdgQRzK1VfqAECEQJgHzMFJNq2,107,0.0649,107,0.0651,107,0.0611,107,0.0535,0.2447
YwaHNuhkREQGRqNBeMTMrMqmHLRck8EAmRrGu1VLEa6Jcf7,,,2400,1.4607,2400,1.3708,2400,1.2002,4.0319
YyQctcBnn34526pQ8j4SrspkKfK1pctTDYSS9dXG8te1kEd,100,0.0607,100,0.0608,100,0.0571,100,0.05,0.2287
YyQqyZkVEyPnGg4tbWeTeCWDkCR17nYsvQHEuLF2aSLorQm,150,0.091,150,0.0912,150,0.0856,150,0.075,0.343
YyUC5PJwp2VtDEYAriXsbH6GxSkqDniWqEANPVimJ74Hboi,903.9815,0.549,903.9815,0.5502,903.9815,0.5163,903.9815,0.452,2.0676
YyWJVfRLmFQQrXYvizkGcTQMWXiJPnaYZAjzDnPQTGBWRJ7,100,0.0607,100,0.0608,,,,,0.1215
YyrvDTrJ6Gj5zA8ZYasCCiqQZuR35ekUMyaxVbQCvdyGXFy,200,0.1214,200,0.1217,200,0.1142,200,0.1,0.4574
Yz17mqvSgx17WD2GEsMk9snfViQMKxXhmz2pPbiDDx2zE2q,,,,,200,0.1142,200,0.1,0.2142
YzDKqpsp7R1scMm1F4GRndhyuwF46p5QSHY7RUrnP7BsU9V,13262,8.0544,13262,8.072,,,,,16.1264
Z1fHUw3G38sDiuJ8mGBGoiCJwyV5Qg2zdrNxzV49Drhf2ft,100,0.0607,100,0.0608,100,0.0571,100,0.05,0.2287
Z1q9u44BmUt7spVAvg8a8f7ankGDoyzeF27mSdW15b7kse7,800,0.4858,800,0.4869,500,0.2855,500,0.25,1.5084
Z27Tnw9q5rRW8khqzmtywSS3yZ6FuPkA53ycB6kyesxJzki,224,0.136,224,0.1363,224,0.1279,224,0.112,0.5123
Z2EfmyJ13Yw9ASuyhCzpggWsdw5sMp2spnXvVG7RWU4BhbR,100,0.0607,100,0.0608,100,0.0571,100,0.05,0.2287
Z2MExNXmUJHQJAP1BSqHoHtEKDZimcoguiBVvJsZterE3Z7,1000,0.6073,1000,0.6086,1000,0.5711,1000,0.5001,2.2872
Z2SCd7NiFx24GG4RCW1wPbsekXMdPagsJ5DcHa9yHDvw1B4,183,0.1111,183,0.1113,183,0.1045,183,0.0915,0.4185
Z2U3HVkU3gChkwrLzfzURcq6KfAZpcraN8ivRPWLaNiSUet,32800,19.9204,32800,19.964,32800,18.735,12800,6.4015,65.021
Z2c2drAyi1uRJM7mBRu1cvN6hKk5Yt5J1WZ83rthmxS3u1G,,,,,100,0.0571,100,0.05,0.1071
Z4NDbXP4MZrM8273n8H9kYd8FHmtj3RzLyNDwv1ybLr89qq,100,0.0607,,,,,,,0.0607
Z4ZbaGWmefJ7EBYqwCMUGBKn86aWSaU1tPhnm1FFYBFnTHH,,,100,0.0608,100,0.0571,100,0.05,0.1679
Z581vGPJ8gJH8Db1VnYQUnWi5dWAZqeEKpWEezjd83jcuPm,5500,3.3403,5500,3.3476,5500,3.1415,5500,2.7506,12.5801
Z5QuxNFx6QhHb49tNeScrWY9AxhzHV3dcuaoVDbeP4wh9JW,864.8925,0.5252,864.8925,0.5264,864.8925,0.494,864.8925,0.4325,1.9782
Z5Smb6PcWGViDpYbB2DcaDEnKsJ6vgYcjTbeEmmWofjuv7Q,2000,1.2146,1000,0.6086,1000,0.5711,1000,0.5001,2.8946
Z78GYgi2sFdnta58DCeD1YALorg5XxqeyaHQHhJbqwrvc7g,3476.9,2.1116,3275.9,1.9939,101,0.0576,101,0.0505,4.2137
Z7NV8RMjWg5JXpc3fN1wUC3wV1jyfEaW9unoPfGhHyBxRtJ,100,0.0607,100,0.0608,,,,,0.1215
Z7W2ozwA2UHLfRFDcdQuDf7zP6nxKzZM4iqFqstqLPhDR4q,200,0.1214,200,0.1217,200,0.1142,,,0.3574
Z9covoixtR15LLwYfP6PXtN93NbcZRToWEC7MsagLU92KjJ,848.4325,0.5152,848.4325,0.5164,848.4325,0.4846,848.4325,0.4243,1.9406
Z9w8j343oi1hq4yDqPiiKgrj91JWHbnbA4UVWKEqDYoKLzw,230,0.1396,230,0.1399,230,0.1313,,,0.411
ZA274jZbos6Q4Y5Gr18ATA4UZu7dTwStHwCkeDTc96GpRaE,440,0.2672,440,0.2678,440,0.2513,440,0.22,1.0064
ZA9VQLDaAJtpNpTtejWrjM5yDx6CSRcMi4tZZmqLZmpnZ7g,200,0.1214,450,0.2738,450,0.257,450,0.225,0.8774
ZABquZoxus6vpQjhGfm21SRsyv6cQPuphA4FnFK8SQTxBPJ,120,0.0728,120,0.073,120,0.0685,120,0.06,0.2744
ZAeAqs4fn4NgQ5mR1jRXNbQREA5o4aYDSEXv9xVoZxipcxj,157,0.0953,157,0.0955,157,0.0896,,,0.2805
ZCEwSAmmYehdA6h4HhHm8hxjA5w84dcY5t22nHoeC4TYxLr,,,500,0.3043,500,0.2855,500,0.25,0.8399
ZCGjxEe2Dtq8TLqwrrcrVLvnkocaq7BZUSLDkpYvmtD61L2,1235,0.75,1235,0.7516,1235,0.7054,1235,0.6176,2.8248
ZCKViX5oJtknWyVruus9nFFBYLHLvv6Cb6Xncfv4TBHxoQB,369,0.2241,369,0.2245,369,0.2107,369,0.1845,0.844
ZCW4uVRaqWWxMpjPynQRgvnb5G864fCvUfAPXsUwNprJxvN,100,0.0607,100,0.0608,100,0.0571,100,0.05,0.2287
ZCXVA2VjntX25uQemptNRKxce5CKp6S1fiHyj3HNpxj5VTx,175,0.1062,175,0.1065,175,0.0999,175,0.0875,0.4002
ZCcD1GKZk37ToqjsHSXHFHqq8eerzJbF1oYpDd933doWVp4,125,0.0759,125,0.076,125,0.0713,125,0.0625,0.2859
ZCefWpan5nPbyV8ccmrEDGKYXEAH2D9A8RbczG9BtKkwqCv,248,0.1506,248,0.1509,248,0.1416,248,0.124,0.5672
ZF1TkgxaCV8yH6yCpPzYNdHNRL6WB5tx36RfJa3NeUPszvL,137,0.0832,137,0.0833,137,0.0782,137,0.0685,0.3133
ZFifT1mbAqGL9vsFJRSZu7BwmeSUzmiSGkXJiHgpsDf6XmZ,104,0.0631,,,,,,,0.0631
ZFjAyVeQ1BXhouqJBgxf96rgMHHj8KBZZkaJigywtDBxF9R,394.6,0.2396,394.6,0.2401,394.6,0.2253,394.6,0.1973,0.9025
ZFkkXQ3Gevr7GD23qmtSwZm6G8bczaJJgHVQTQkZUVUrftQ,,,135,0.0821,135,0.0771,135,0.0675,0.2267
ZHzNAiWJ88Ck4QHFF5xmwTV7zuGBz9FPa3m7y22y2BCuAGe,500,0.3036,500,0.3043,500,0.2855,500,0.25,1.1436
ZJCRgSdkWNkDhD8pjUUgzerj4cX7xAcgwfbo2JVL32Zg9fj,500,0.3036,500,0.3043,500,0.2855,,,0.8935
ZJE1dDsNRu8T1B2iPwxDcVUWMcReY67xV6EVtDDN6Zm8haf,420,0.255,420,0.2556,420,0.2399,420,0.21,0.9606
ZL64Bj9HuLyFgyHeoLjPduL2B4FmEHdbZpksAcqkLgZtL5P,176,0.1068,176,0.1071,,,,,0.214
ZLabrYisfNrWUyjm2CokDDZbps1J7rDASBDWgBnXf3gdiwn,488,0.2963,488,0.297,488,0.2787,188,0.094,0.9661
ZM948EeGXxjfjuq7SCv4ncrE7tVnKtMUEbNmyCC7NUidMbo,600,0.3643,600,0.3651,600,0.3427,600,0.3,1.3723
ZMHWDXx3T1FCjP7u3cvLAhj65CKjweYZn4dJ3EHrRmP2irp,200,0.1214,200,0.1217,200,0.1142,200,0.1,0.4574
ZNoEaiRKxiFsNBv8ySoQL7fnrJKbmntvbibds7VV3dm1sy4,208,0.1263,208,0.1266,208,0.1188,100,0.05,0.4217
ZNw9fsNg2nRyshk2mfxEJnZGFz64tzs8xBPNvmkbnbJJKzb,1210,0.7348,,,,,,,0.7348
ZP5K24EJ3ESFzkAQsLkL1vkx8viUcWxsWgC9xexZeNTQ6rF,1235,0.75,1235,0.7516,1235,0.7054,1235,0.6176,2.8248
ZPNYNYdHtPuUhPcSV1DLDFvW5wyUYJEcrQbEm7n4wUWBi5V,700,0.4251,700,0.426,500,0.2855,500,0.25,1.3868
ZPZJoZtaGq18wRQJMzk9bmmFE7xSrzKFaM1zMW2Q61kTQaC,820,0.498,820,0.4991,820,0.4683,820,0.41,1.8755
ZRk8Q27vde9mQekCNzGdXMmnDuf23kALJvx8jKoJUpXLBUH,100,0.0607,6100,3.7128,6100,3.4842,6100,3.0507,10.3085
ZRyMAksBgZ3VVirY6AjTkqF2wZq2mu6fUJPkMvmh6tbA4Gv,9154,5.5594,9154,5.5716,9154,5.2286,9154,4.578,20.9379
ZS2Mw922xS6sEDvimixBQ4zz6g2btfv2jLfY6N22k6cQmtP,100,0.0607,100,0.0608,100,0.0571,100,0.05,0.2287
ZWcYH1NZph5pfyQQjDL38ZwHZHzPGG4VgtbrsgevyVdqD2N,200,0.1214,200,0.1217,200,0.1142,200,0.1,0.4574
ZWgM7umYgbztVZqLjVyiKmEKdS2VntEMEEDb9yDNSTQE5VB,100,0.0607,100,0.0608,100,0.0571,100,0.05,0.2287
ZWoQe19keS1H5QbabJ5yh7A4m7cgAdTv69CrgVAiNYofUm5,135.3302,0.0821,135.3302,0.0823,135.3302,0.0772,135.3302,0.0676,0.3095
ZWqgqX1d3EPnGF8M18TRGwikGjEKVTj2BPXfp7ZeHgxJuha,1897.96,1.1526,1897.96,1.1552,1897.96,1.084,1897.96,0.9492,4.3412
ZX2pe1F18PSsPvmWhTt5kChTrGh8JwnBAEvDuVTEoFxu4y3,100,0.0607,100,0.0608,100,0.0571,100,0.05,0.2287
ZYWnAfCenUTNPb3KuKRNhasqj7DcthXXoTRrmK4cwwHJmzK,200,0.1214,200,0.1217,200,0.1142,200,0.1,0.4574
ZZD4BM7SeHNK1uRx7kJpLJonug5LTqNB5Tiv2KhgLDwwQfa,200,0.1214,200,0.1217,200,0.1142,200,0.1,0.4574
ZZYdbGA8zL9gJE7EcnLecuJX6E7L5hDhJht9zWF8uNqXjFM,,,,,108.7,0.062,108.7,0.0543,0.1164
ZZmLL22k8TqYuBC1NnDmz7tjGVPeq2Bu4TVErxaRLruMzfX,471.5361,0.2863,471.5361,0.287,471.5361,0.2693,471.5361,0.2358,1.0785
ZZq7cuCXrEqsJs157HU5duc6TdH8Vevn5oKkJSX9h7X5tUp,,,,,15750,8.9962,,,8.9962
Zbqi66JFjpBc62WbkwUKgrgKwFKNYvtW5jdDLKz714Aq3nH,1000,0.6073,1000,0.6086,500,0.2855,500,0.25,1.7516
ZbukCfqUATAmkB4gvYpwrthm53XMFMrcpGnSckQo1xCe754,500,0.3036,500,0.3043,500,0.2855,500,0.25,1.1436
ZbyTGWtsK22suH54kAw2HdA4ypV3BDsFXsFiUNmJM4CMYNv,100,0.0607,217.7681,0.1325,217.7681,0.1243,217.7681,0.1089,0.4265
ZcRNxFfPD6qJ1g96XTG7N7yVTDgbR2XYpCALsUxEg3vZMFA,135.7866,0.0824,135.7866,0.0826,135.7866,0.0775,135.7866,0.0679,0.3105
ZcX6ifjhLb4xUrddM7K9WJmRiUHRsUPrmYmbvxUA7AQmMdC,100,0.0607,,,,,,,0.0607
ZeaiixreYbFNm2C9ZTVGQ4sU6DGdQZ7Biod3R2ehs5YotWX,100,0.0607,100,0.0608,100,0.0571,100,0.05,0.2287
ZexUPfhdonrvaRVCUiWdd7w5F3UTkYGrTz1tXFkWMojMdcX,215,0.1305,215,0.1308,215,0.1228,215,0.1075,0.4917
Zg6q2efsEhSUV64cQLiW7nUCVxHHkkreYTJiagdFsAFS7ZZ,2000,1.2146,2000,1.2173,2000,1.1423,2000,1.0002,4.5745
Zh3oGzpUwzr7qVRUiQaC1CSYiYoY8BTMJN248ohmoyhMEej,365,0.2216,365,0.2221,365,0.2084,365,0.1825,0.8348
ZhAbsBd68ksxmP2XgX416YYYsHRJgSnu7XGX6UNv1jrkHfy,123,0.0747,123,0.0748,123,0.0702,123,0.0615,0.2813
ZhCjNX5KLRGVACT4LzZmnxhTuvZuxJfFnF7Lvz3kcezaBV2,800,0.4858,800,0.4869,800,0.4569,800,0.4,1.8298
ZhTKbyCA4YK45RxBLUb8ey9ipcMKr8GaVZcmpYms33ToFT6,664.4186,0.4035,664.4186,0.4044,664.4186,0.3795,664.4186,0.3322,1.5197
ZhooSbU6rJxEFaTakKf1BpjmfEsYMkzLjdJ9z7uT6f7dZG5,200,0.1214,200,0.1217,200,0.1142,200,0.1,0.4574
ZiFfR4XDfpYuYHxxhC1UE8mWjF45hvuvi7nSzYs16SNQ6Tp,150,0.091,150,0.0912,150,0.0856,150,0.075,0.343
ZjyCs1iDL8XqJ98YeKHhBPpdYwXixkv8baWm6U8o31hmNnQ,120,0.0728,120,0.073,120,0.0685,120,0.06,0.2744
Zk89yfa2ojrPY4SXhHqPZUAGCVvEbpAXv7aMscFo7oCCxxH,100,0.0607,300,0.1825,300,0.1713,300,0.15,0.5647
ZkLpWaAMe9CHtv7iHCWujvQfVaVnrs1aFCvF66MMZZof3HP,100,0.0607,100,0.0608,100,0.0571,100,0.05,0.2287
ZnFqR8sPPjfAV84x4wyK8MBVPUwYfsiMcwzQL1HZgLW6rJ6,255.9982,0.1554,255.9982,0.1558,255.9982,0.1462,255.9982,0.128,0.5855
Zo8JoY7WEmJB9go6PQVscr2GMzFWE5rmWMn4bYLjQgtK6Re,5000,3.0366,5000,3.0433,3000,1.7135,3000,1.5003,9.2938
ZoFGEbdiw31e9cdtcJUYKHEn5fHPxwZKRADY8M5CPxegULe,105,0.0637,105,0.0639,105,0.0599,105,0.0525,0.2401
ZoKn3RLfGmLy3QtRx6RhdjLnLT5idFAs67SpT1rRepuGhqo,476,0.289,476,0.2897,476,0.2718,476,0.238,1.0887
ZqmY5EENAC1a8s4ikBXSJrF49tpkPzPBgLMKjE2ZF2HFhDx,25337,15.3879,25337,15.4216,25337,14.4722,25337,12.6714,57.9533
ZqtRPcBAauosbysmkgEeZgRYBZRcmp14C4gytnhcJf6SgCF,3000,1.8219,3000,1.8259,3000,1.7135,3000,1.5003,6.8618
ZrAYXMDBjLnqDh86w3wQfYfaRYNrc7EUcdiCcvwUDGQ2YWH,500,0.3036,500,0.3043,500,0.2855,500,0.25,1.1436
ZsW9bEh2uj9x7AfgmmxyydQiQpWBg8RpBE9cJkrNXFbc7rd,115,0.0698,115,0.0699,115,0.0656,115,0.0575,0.263
ZsdjbeysaHarhpZ6WshgZRsRRn7cqeK2gSedbZpoYVMGLRk,1000,0.6073,1000,0.6086,1000,0.5711,1000,0.5001,2.2872
ZssaGMr2Z6f1gr2oE1cMyPAhaLrshJBTRCtdQyCH4gmFRew,256,0.1554,256,0.1558,256,0.1462,256,0.128,0.5855
Zt32GF3XP2FENJJL6bM8eEdPPsJMAEYUenYjt6JR5rdkUMD,100,0.0607,100,0.0608,100,0.0571,100,0.05,0.2287
Zt3WMRfzxuXrKA4zasHN4cVaWJ3xpcSZMf7cUrB7Uytkv64,,,800,0.4869,800,0.4569,300,0.15,1.0939
Zt4PcDJZs1mQ6d7ya6vSy4qF44JKN6EgjQ9F45ZZU3keiTz,6239,3.7891,6239,3.7974,6239,3.5636,6239,3.1202,14.2704
ZtBF4kdKHgxnoUbhTrp4Q5jGgBtucqWmaT39KPQSbBpoumG,100,0.0607,100,0.0608,100,0.0571,100,0.05,0.2287
ZtN2geCMJ7uwEyHd4dJc1x19q1Pcq8WC916aZALG4SBw2Fm,4600,2.7937,4600,2.7998,4600,2.6274,4600,2.3005,10.5215
ZtPsekJwTnSZoBmSkoSqLxFfwZuPYnSi4mdVcyminL1oL8g,123.3,0.0748,123.3,0.075,123.3,0.0704,123.3,0.0616,0.282
ZtVfzkr9QzfSF62E4YobU36ZU3qyjVUZXizrfsEfT1FsRUd,200,0.1214,700,0.426,700,0.3998,700,0.35,1.2974
ZtpLoCTzqBcYV1BfYn6iKTficquk4R6PJTkei2vx1fCJfAP,400.366,0.2431,400.366,0.2436,400.366,0.2286,400.366,0.2002,0.9157
ZvBMX5SfudTNPoWGwvZSnF6EHkayN2g2knpXbwEnXADZmhF,,,,,,,200,0.1,0.1
ZvKssGRs4VMV4cXt8zggPX5SedrRnyMhaiD4WsB37uQW8Kh,100,0.0607,100,0.0608,100,0.0571,1400,0.7001,0.8788
ZvWgyBa6G1KW1UYCrTvKDF4WCpu19dfiMR7R2rZ52FTZjUm,2500,1.5183,2500,1.5216,2500,1.4279,2500,1.2502,5.7182
ZvXTvA9dQWmGuxTWbMhZM1nJ4kUwCoRhovrTsD4HNzg3Xsm,,,,,,,100,0.05,0.05
ZveTpvKrCRpwZosB9KQhoNPDv55pULHgTrph5hdbZ4tWVed,100,0.0607,100,0.0608,100,0.0571,100,0.05,0.2287
ZvoK3uinVRf9j17MtWV6nNT2BAJP3h4Sk8sDZ7TgpSfKnTX,1154,0.7008,1154,0.7023,1154,0.6591,1154,0.5771,2.6395
Zvu1G9oMxwGE2nS1ugt252LUgV1KZa1QeEHK2cWpkJ7jjxK,545,0.3309,545,0.3317,545,0.3112,545,0.2725,1.2465
ZvzmV5tveF5PeefB64GpVmAWcPBozvEqVk8Hw718gJCR7gN,100,0.0607,100,0.0608,116,0.0662,116,0.058,0.2458
ZyPwRZRxaegeA9FWTDGMGYX7hMuZNCsYTmMEsmwpcXq2eVi,790,0.4797,790,0.4808,790,0.4512,790,0.395,1.8069
ZyspLXce1zmQWm3YLwsVYzwZ9wufVSibuf1VE3XDsrWNqze,1600,0.9717,1600,0.9738,1600,0.9139,1600,0.8001,3.6596
a1XZ98ioGkeGLEBs5pUy9psimfeeHr5ah829YnJ8TUSdW1F,560,0.3401,560,0.3408,560,0.3198,560,0.28,1.2808
a1eQinbYPNxH4RvkBRWFdzDc9VHZrv4pPwPZNaGHiNDUQmG,129,0.0783,129,0.0785,129,0.0736,129,0.0645,0.295
a2GoPicBtM5qqfWujJPdz1waG8h48XchMn7F6VhpEVWnnvj,,,,,,,440,0.22,0.22
a2ap9iXcUuJFez6BbaNNGy1PfdjCCybv1uatmepRbrBLZjz,400,0.2429,400,0.2434,400,0.2284,400,0.2,0.9149
a43YqU1467eAE2qJpZfY86TUAFqS2eHEqUVL4p7yS2AxbkH,115,0.0698,115,0.0699,115,0.0656,115,0.0575,0.263
a4U88eWCgA1xnwiZof6rL6Bi7nN1FdmUbreuixRzaqxSZyz,790,0.4797,790,0.4808,790,0.4512,790,0.395,1.8069
a4Urhwc9RhF73sKyLukgTwJbWt2SWWUEXRisrfF7uyMAt39,100,0.0607,100,0.0608,100,0.0571,100,0.05,0.2287
a4XX676FBaTAekrZD4RkRfqnsPGZpnFAxgbawdbawYWTEhc,1500,0.9109,1500,0.9129,1500,0.8567,1500,0.7501,3.4309
a4vmyKwiMdB5qU4ZQhHjcCDbU32EBgBxQEbWuN94qPep5qd,,,,,,,700,0.35,0.35
a6aXBYhMQ1mNSw3RSKDJoDbqcEC771qnjQeRC3MoVWrtXDu,230,0.1396,230,0.1399,230,0.1313,230,0.115,0.526
a7697urR1bFwkdu4979x9nP549ZbFUUrUDzu6JZuVEQAZVF,100,0.0607,100,0.0608,100,0.0571,100,0.05,0.2287
a79Ga6nxrj3uNLrh1uAhi6Fr7i76Rx5pi1G41LMubqmUkFE,101,0.0613,,,,,,,0.0613
a7EXb7u39iYHthRU5KSDAVgf12e98VTQGw9tw3bZGDntg8T,495,0.3006,495,0.3012,495,0.2827,495,0.2475,1.1322
a7FY5F9GK67m6LkTmkDRGDrTMprA7QA9dHbW2RdxinozPbJ,6756,4.1031,6756,4.1121,,,,,8.2152
a7LTef38YWEf1ru3wc67ZE9i2WMfrvHr1RcxbUH7d4B82Gv,2334,1.4175,2334,1.4206,2334,1.3331,2334,1.1672,5.3385
a7QwQtdV5XYuCMvwPbHPT6X8yWKmDBBjRGKMzqM5232gRo1,100,0.0607,100,0.0608,100,0.0571,100,0.05,0.2287
a7f4cDNW8DC6cCww2u8z3DMTrV9utiRjmCNcAi9SmiEDgtW,456.9982,0.2775,456.9982,0.2781,456.9982,0.261,456.9982,0.2285,1.0452
a9JqkfqP7Kf6MDSKbZrystVRTkdG9eJhsEJbaFU3WBsYtKF,210,0.1275,210,0.1278,110,0.0628,110,0.055,0.3732
a9fNTgTyXyM9VWFSRGMpA4HhQMyoMdcBDWa6CtKFf6ZyigH,3560,2.162,3560,2.1668,,,,,4.3289
a9jPENtrmi9VqEXzDwTrQMBWPsAnQoJ8EwayxNh3rG2WHHR,192.076,0.1166,192.076,0.1169,192.076,0.1097,192.076,0.096,0.4393
a9tFMLpS4won5qyxvyRsBbLhe84cE94hJPe699bxjcrQMos,116.8365,0.0709,116.8365,0.0711,116.8365,0.0667,116.8365,0.0584,0.2672
a9yn3xwma6gasoWrbpzoDvSGNXB73rAz6qcqeMTKLAEUULd,8160,4.9558,,,,,,,4.9558
aA6L8DutRRGzvpVMSTbwtjsQRP2BRJbhoVcbfjc37TwuBN6,2100,1.2753,2100,1.2781,800,0.4569,100,0.05,3.0605
aA6jbRsrikoHdqCu2cRSqrS3ZT2MEnQSof4MhFvHci8j9a7,,,,,,,100,0.05,0.05
aAKvEVeg1hKuLTJt93qGUASdXmkeNA5GaYiDi9Fc89LQ2CT,211,0.1281,211,0.1284,211,0.1205,211,0.1055,0.4826
aAMagQA3AXHxtCGv96jchC7aBo6BuPWYDoNXAsVK8723Tap,123.5533,0.075,123.5533,0.0752,123.5533,0.0705,123.5533,0.0617,0.2826
aCFd7VwSC9JCe7SCy4Fz6DKmTXQVYrrFfsVUhSgirqKS9Gy,100,0.0607,100,0.0608,100,0.0571,100,0.05,0.2287
aCisb8zXsjoaDzDeWeL3vWHGBEnRfspW1spuLkL1SoEfsf2,28400,17.2481,28400,17.2859,100,0.0571,100,0.05,34.6412
aEW2vHwULbjnvqs4oCu7izNDFSwZCV3wa8bLRrnaActsnYR,1400,0.8502,1400,0.8521,1400,0.7996,1400,0.7001,3.2022
aEiQ3jch2u1ht82NaKrzdK95ngMacBqRTRvdud76PxNHV5f,223,0.1354,223,0.1357,201,0.1148,201,0.1005,0.4864
aF1sawsUUhUxgsjiDtRq9VphtXhx399EUo7wfS26d7wQbdy,100,0.0607,100,0.0608,100,0.0571,100,0.05,0.2287
aFeR3AEPamFLB4csPLCtJPgiT4rEwJTF8MRA1StFv4dPdGZ,,,,,,,200,0.1,0.1
aH4sRkzmmuzTDbmGE283W949iQUawPoh56Vjtj2T2XPdCgY,300,0.1821,300,0.1825,300,0.1713,300,0.15,0.6861
aHE4WC4ETKuw3cBZ2uDe3UGyZX1QRoar6nWRXFmFn57UbiT,110,0.0668,110,0.0669,110,0.0628,110,0.055,0.2516
aHGmG9A9zZi7aYScpSEmeSTcsQiFxgbc6XToFtrdGyBeyDj,336,0.204,136,0.0827,136,0.0776,136,0.068,0.4325
aHNY4jpxHcKWphgsCKrusanufDk7RC2VzdwyuPFn3fhZchE,5000,3.0366,5000,3.0433,5000,2.8559,5000,2.5005,11.4364
aHpdym9N3QHrHPjE4Y4pgHWDHHc43fGBFB37WYf9tuzvwwx,1014,0.6158,1014,0.6171,1014,0.5791,,,1.8122
aHt9W95PwvSxBinYv5ugz3t9ChDC9nTU2fesDRXsd9QASoK,1000,0.6073,1000,0.6086,1000,0.5711,1000,0.5001,2.2872
aJCUCnpeU8eKqD2U1yrNP1h3ZLwjgWwhwXD7bsS2B3xoWge,22500,13.6649,22500,13.6948,22500,12.8517,22500,11.2526,51.4642
aNfw3tfY7GXMnRBgfzfHG4K3P5tfy8FCtovmRSuxLfNf2DE,300,0.1821,300,0.1825,300,0.1713,300,0.15,0.6861
aPTi6yAQqy5nAUUqsf7VYUgpDpn5VuR748ni9Y5RD762Kjb,100,0.0607,100,0.0608,100,0.0571,100,0.05,0.2287
aPVbcsNAQjzCJH9YARZCVR1VWiSWSAePmvZDQQ1KxGWcoGZ,500,0.3036,500,0.3043,500,0.2855,500,0.25,1.1436
aPXP2vjgfFxn6jW7sh8tnAJPXop3zMqhPyEXUm1oU1q19Ta,2465,1.497,2465,1.5003,,,,,2.9974
aR5RwEqAGU9cGohYvQcf5yvPn8y2etWxpYwQ9AB8ShnhCCe,200,0.1214,200,0.1217,200,0.1142,200,0.1,0.4574
aRCqxDuHS1vcFsYj3C6hdCPgx5sQszmBkZ1pNoJBhgXXH3r,1223,0.7427,1223,0.7443,1223,0.6985,1223,0.6116,2.7973
aRXQBx7SKkqRvLoN9UiXF3JB9gZFfXoxxqPTxZGtw1jvQWF,100,0.0607,100,0.0608,100,0.0571,100,0.05,0.2287
aRobp9Vh3GWKUsRGdRQ4Xi7wP6qAMEXKTMoRzBaGEdEKenn,100,0.0607,100,0.0608,100,0.0571,100,0.05,0.2287
aRzv5pRDMhDgdMLeKtUkKGDQKtYdqwtCSbzPHqm7Aku8NmT,100,0.0607,135,0.0821,135,0.0771,135,0.0675,0.2875
aS5ajSoCuQGv7SW7pt3uCJSZSDJ3ZDsRhUtgTX888rgjWzE,790,0.4797,,,,,,,0.4797
aTYMAoL7CuEoaXDUUd22jPcwPPZPHjvsRUh2cPnLfirS1qk,715.98,0.4348,715.98,0.4357,715.98,0.4089,715.98,0.358,1.6376
aTeDvRSi1QEBH6n3nQGneCFbKY4EwzRpuCoZKJrtxeawEWx,100,0.0607,100,0.0608,100,0.0571,100,0.05,0.2287
aTm9Mz5pQdpRc6MMiEz3Kvf6N1jr1ofivaSwLVj3Mnh8FJJ,100,0.0607,100,0.0608,100,0.0571,100,0.05,0.2287
aVjVRt7M8zdqLfvULEQ4Jm5XWSDLLX576UC5SNnZhGwzT3n,270,0.1639,270,0.1643,100,0.0571,100,0.05,0.4354
aXGQtTCDQqBVvCjtGb4Ab3JCzTT9jC4LByD4uDHFAZeKm74,8000,4.8586,3000,1.8259,3000,1.7135,3000,1.5003,9.8985
aXJqBRLdy25jSLz1BrSb7Wkcm9tqhVLVWqNwDQZTRPz11P7,100,0.0607,100,0.0608,100,0.0571,100,0.05,0.2287
aXRLqMYZdCHQ8War6UnufjC4BstfwrdoEF1m17RCLeFB7Qo,,,120,0.073,120,0.0685,120,0.06,0.2015
aXueqwkrgUTVufyocGeBPm6NeSYp5k1ooPPJAGq3Ts7FtgF,1367.0152,0.8302,1367.0152,0.832,,,,,1.6622
aZ91enMqBrNz5WZa5nYfeCvu2qpTL4NGkFTAAZTJybMyu6j,6360,3.8626,6360,3.871,6360,3.6327,6360,3.1807,14.5472
aZR37774CPYr2qnZxVFn29AcRYfxHYkDj9Xa33idPvEqyZJ,128,0.0777,128,0.0779,128,0.0731,128,0.064,0.2927
aZVAUg8pShghk3FurjZQNoFp7n34hMuuWSVXZcorhedqsu1,555.195,0.3371,555.195,0.3379,,,,,0.6751
aZYudTxB7vYwskAahk7kb9vGxYqRd9F4ya5cjLoYjaS3yEe,123.5,0.075,123.5,0.0751,123.5,0.0705,,,0.2207
aZk4DpFuU13DzYZATQBTFnDD4mgdfsTBrsVBZJrrZ39pd6v,400,0.2429,1300,0.7912,1300,0.7425,1300,0.6501,2.4268
aba98k9daZiGbxgbNSCn2NPGLsq1iuK5s9a5bdFLbf614EB,100,0.0607,100,0.0608,100,0.0571,100,0.05,0.2287
ac8aX7c6hk8cAnWqzqJWSXT4VLVYjeWx3Ka7TJrQA2RBTZq,100,0.0607,100,0.0608,100,0.0571,100,0.05,0.2287
ac8yP4371NL6AaqXHkAbCr7xSfoos5cSb5kPVxhpY1rrqvK,3734,2.2677,,,,,,,2.2677
ach51JjnEjF2YBZfmkrG8ggnaXdD7J7tN8UpjKSkaiVJHaT,401.7949,0.244,401.7949,0.2445,401.7949,0.2295,401.7949,0.2009,0.919
achoMeo3up5NdpHsR3CtuAd9nUSmNLJsbwqweVpUxLgJYB7,120,0.0728,120,0.073,120,0.0685,120,0.06,0.2744
ae6MNDeNMdo8pJWNraSmUaWxAC5kcrryteY1u4adCPjeRxL,764,0.4639,764,0.465,764,0.4363,400,0.2,1.5654
ae91yTEpTJMeUDnk3G1QbQDtiZCuRBygMVDn7rKKWa3ShP2,400.9949,0.2435,400.9949,0.244,400.9949,0.229,400.9949,0.2005,0.9171
aehPPnrHFd6B3jrSxtWBY2weS2wY4n3zd4qJN5RHKmnBiHk,250,0.1518,250,0.1521,295,0.1685,295,0.1475,0.62
agvLKsJXqgJtfLHWm5Wti4WBaBqpmDP7KoRP2LwiRJLCdC4,100,0.0607,100,0.0608,100,0.0571,100,0.05,0.2287
ahKk3F2ynSG9vHiaiWv6iRaxgbDLYTP3ieQcraQgcHSeTqh,100,0.0607,100,0.0608,100,0.0571,100,0.05,0.2287
ahSDKG2ByZPLaNhjne3XHn3yjmr4XyzNKqpjER1XvstvtKt,6200,3.7654,6200,3.7737,3200,1.8278,3200,1.6003,10.9673
aheVYZxYPQFN7cVxE5gz3cHFDTn27z1N7F9Yp5DWj8ww48m,1798.9,1.0925,1798.9,1.0949,1798.9,1.0275,1798.9,0.8996,4.1146
ahwazjR97WytWH7XfyEvr7yEJT6Ghd14vnZsDUGmw75y7ig,108.8984,0.0661,108.8984,0.0662,108.8984,0.0622,159.7308,0.0798,0.2745
aiEyizj6L8GsHnihwJ3yMtUKUK7USMLYSWJ8uzmweLx86wR,133,0.0807,133,0.0809,133,0.0759,133,0.0665,0.3042
ajnmRExmbjGKJYpoS1jKiBVqUQN59WEPnb3dC6Jc5DDER4q,500,0.3036,500,0.3043,500,0.2855,100,0.05,0.9436
amy1tVCHjkwysFi2gVwo1AAZygUQALGPEHJc63J474Suchf,4285,2.6024,4285,2.6081,,,,,5.2105
anXkTLbKqQVYnxeMTcAZ48uxp8Kn32mMtoJzvv6erhvSbjA,105,0.0637,105,0.0639,105,0.0599,105,0.0525,0.2401
anakAEKzP9xqW4RERHuAT45t6e21ogCQoZGZd8VrtXmSKvD,100,0.0607,100,0.0608,100,0.0571,100,0.05,0.2287
ao5BfWGij3C9YwT4wScKM43C32mx1ToiaAwcww4WcKMwc9K,100,0.0607,100,0.0608,100,0.0571,100,0.05,0.2287
aoA4DtjNjf5pJURmYjvMsTBhGSsJnKxpqr6HFtQC4WLcgKs,550,0.334,550,0.3347,550,0.3141,550,0.275,1.258
aoBhkYcsbB7uHMyW2Y4sg5jzWTryrufsXAXmRcZCe2cnEjd,100,0.0607,100,0.0608,100,0.0571,100,0.05,0.2287
apawTzWUqSxvuCReiWRErjfzEk2FuVT92UsijQxy7VPESEv,247.1092,0.15,247.1092,0.1504,147.1092,0.084,147.1092,0.0735,0.458
aqDZzGAYvKsyzoVKeetApSMtznqTiwy2JxFKXPXYYexgob5,3128,1.8997,3128,1.9038,3128,1.7866,3128,1.5643,7.1546
aqMnapwNPeLx6Mx68Uzm1wcgTq7vxYF2cDys9nu9NgmgDSn,5140,3.1216,5140,3.1285,5235,2.9901,5235,2.6181,11.8584
aqdiUbdCi8viSWBogBgLJghuKpw4g3GmrEmCUeqvUafQu2c,,,,,100,0.0571,100,0.05,0.1071
aqeZKeX61ESNoMTm4SHQq7y8kZLucJ8o3jSFe2iojdWp4qN,500,0.3036,500,0.3043,500,0.2855,500,0.25,1.1436
aqjvdWiQhjA8CFUz7QT3gFJmSBZYh1vhm92k9UDMZD6U3FK,100,0.0607,100,0.0608,100,0.0571,100,0.05,0.2287
asowkNifxL6a1CZPT1xVdJe8yqUaAmaqx9mnrp5y3ktChfo,,,,,100,0.0571,100,0.05,0.1071
atSArokQwyAdXdpu2oEo9AqqdBZgc8qYRuHLdt4f5UsC5aE,673,0.4087,503,0.3061,503,0.2873,503,0.2515,1.2537
av3FBpGnMtYCQdkhYLouq1EQmUV8FnBcHw1E5MJLZQ82E5d,100,0.0607,100,0.0608,100,0.0571,100,0.05,0.2287
av6AYeM556wzE6ct1RKyCfTnZNXCfhWuxc93PVo7BWmXsMW,1000,0.6073,1000,0.6086,1000,0.5711,1000,0.5001,2.2872
avgnqQcGS4GCjkYQtTgdYcwLab1kJ8LZxJ1hfbhdRX5GQMg,200,0.1214,200,0.1217,200,0.1142,200,0.1,0.4574
axUsMNcQXWbf9zpPj4zDH3UZc4xy28yDHyGnUfavd7eD5qc,299,0.1815,299,0.1819,299,0.1707,299,0.1495,0.6839
ayJe54kWVEGwgJHwsgnBktd3MxhHPmr7PcaUkdPQBDiufxC,155,0.0941,155,0.0943,155,0.0885,155,0.0775,0.3545
ayUMbHi6cAuTKSKSPNwRys91PndpqUWXSXGiY9B5nRfDmhs,1066,0.6474,1066,0.6488,1066,0.6088,1066,0.5331,2.4382
ayfhRN7demZsEeW3Yptk2g5tDUWqfCBQYKKZRcuBSRqrnaF,,,,,,,200,0.1,0.1
b1asNYQwy2Abs8f9HCnEsbDjVYfeu7KQKFme95jbtgTmucm,1000,0.6073,1000,0.6086,1000,0.5711,1000,0.5001,2.2872
b1bQqH1HzQ9Y6q4eun2H5rqqL883Fp5kUHVxaX56FDMjCXS,,,,,,,146.9082,0.0734,0.0734
b1pzCtzg6YDWpb8zRgojfHMqFRg8VJuqC76aaiumm1kHRHx,200,0.1214,200,0.1217,200,0.1142,200,0.1,0.4574
b1y1QJLD2xVPQjYtmPHPA5kcrTh3EDid7j8BZHdPy4jnFjS,109,0.0661,109,0.0663,109,0.0622,,,0.1948
b28fEyUVECCqM13pKNvq54SgiAaiy9e1S3mbxUoXH5VVQ8z,,,,,200,0.1142,200,0.1,0.2142
b3dZTS6PdzRzaKLsmB5pzKGaLc33NxmLH2rqYUvWNhLmiLA,700,0.4251,700,0.426,,,,,0.8511
b3fcqKPrAfjHPsigw82pXCy9xZKjnKrwETwwBNpuF727tVX,100,0.0607,100,0.0608,100,0.0571,100,0.05,0.2287
b42tLXCDYqNHhQBC4UZj7wUbijH6NzD8tQdBkFgZ2N6NggW,999.9966,0.6073,999.9966,0.6086,999.9966,0.5711,999.9966,0.5001,2.2872
b4PdGFVPkKEEh7T1jgjZ7hVbfnpP6YVngvnBE3MjwHsJq8C,100,0.0607,100,0.0608,100,0.0571,100,0.05,0.2287
b4RfDSNQmWmbA4NTK3k8y1AqzXEMfhzPkZj7J9kRDfgLsqx,1850,1.1235,1850,1.126,1850,1.0567,1850,0.9252,4.2315
b4XuESpkR5ATf5T9U3XKiwTkP7FN2NedA7XTqrpWekMWh9N,500,0.3036,500,0.3043,500,0.2855,500,0.25,1.1436
b4ZtQqAe48wHGG1JsJ8oSWF8jMagL7wLzncGZHBUhzWSE2L,,,,,180,0.1028,180,0.09,0.1928
b75k23ULgwg2Pu3GEYAvY3L9uJYeurdCC4pdQqivbfjwf2Z,600,0.3643,600,0.3651,600,0.3427,600,0.3,1.3723
b96zDAz7v5WyWKdK4PvCNtJHrCNYcjPvFxRMpsKJCnooDUx,1200,0.7287,1200,0.7303,1000,0.5711,1000,0.5001,2.5304
b9QFwjaKs8KoFARBdi6fWxrT5yUVStvW6ghqA6qxpFgyBYG,,,,,100,0.0571,100,0.05,0.1071
b9QJXbX3rjah9dYcnoU9sbCbw24ZRWBZYBJn5sfwRoGBA6K,,,,,123.5495,0.0705,123.5495,0.0617,0.1323
b9aGKqgox2nBrmUknhLXXnkhD1tDjjGMYPqJ2j1zjXSr9pV,218.0445,0.1324,218.0445,0.1327,218.0445,0.1245,218.0445,0.109,0.4987
b9mrNvzFb6tWwdxa7AwNBBeCynGKZt9LMT4gZcYFBb4RaLS,4940,3.0002,4940,3.0067,4940,2.8216,4940,2.4705,11.2992
b9tRH9HWmZgvACdmCPcwbMPu8WxawaCVJkhqpCtAXNfhYtX,,,,,100,0.0571,100,0.05,0.1071
bCGjTt3r23LQ9Ss4jSbpLE8s2bfjyLuj9x3DLUx33uEUFFc,111,0.0674,111,0.0675,111,0.0634,111,0.0555,0.2538
bCSs21oEx6QTkEQRfbW2mGaAHLCf2Sk6kkZj7FYJ2qw5Bno,191.5,0.1163,191.5,0.1165,191.5,0.1093,191.5,0.0957,0.438
bCdE9oitEmUHHuSgEHJ7YsRPb31i2VE7bkfPEck2oJovnYE,1532.4059,0.9306,,,,,,,0.9306
bEf3h3kXmaCY8LYLyGzqmCWxhhxa5835SKyQaETeUhsaTYV,,,72247,43.9739,72247,41.2668,72247,36.1319,121.3727
bEsbEXWYtt2p9fbrwNeZWPzFoxyqbfs2Wq92tzk3cobrmKa,400,0.2429,400,0.2434,,,,,0.4863
bEvKwgVQakqdoCHT2dncrxVc7AZtJKh6eCpLBehKfLmRXib,,,,,,,100,0.05,0.05
bEwWekXxQiS4YrnJwKG2ZSVThDFFsoeQYNezX3qPjRvzont,120,0.0728,120,0.073,120,0.0685,120,0.06,0.2744
bFDbZvhBn35Asim2Fi5aV8HfCRNwQgDS4Vqf26qCQxcZsjU,,,,,1540,0.8796,1540,0.7701,1.6498
bGzQUyMYwTFbhofX6CjQ8oft47S2ogFhFHo9Bfttw1mRzVv,100,0.0607,100,0.0608,100,0.0571,200,0.1,0.2787
bHfbWPTvo2stTdo9ezuk7fywUgADBGLbMrG7sE3qJxtsjoK,400,0.2429,400,0.2434,400,0.2284,400,0.2,0.9149
bHnuuCekky37vvG2fpk53hyPt3j6gm1XjrbgUwdrzM3L1eT,538,0.3267,776,0.4723,776,0.4432,776,0.388,1.6303
bHubqGBatbgEubC3v7LiCNcmp6cMobWJpJXSXk1L7VdHmr8,6461,3.9239,6461,3.9325,6461,3.6904,,,11.5469
bJ1uPJYzn7vARpVBNAQ8BCzaWQYA32CSQ3UwFiToKsvSteo,123,0.0747,123,0.0748,123,0.0702,123,0.0615,0.2813
bJ2zGQHiH2PPXGR2q8eCJM2n9iM8gG2ecAhdopHrYt4ziFe,1013,0.6152,1013,0.6165,1013,0.5786,1013,0.5066,2.317
bL6QnUXiVWrcG8uLrWEiFngwVEyBW25iM2QJa4JAq9bMJyJ,5600,3.401,5600,3.4085,5600,3.1986,5600,2.8006,12.8088
bLEBuJJEMNFQAWYovsXxkM9iebRzjn5rc2GxY6Ekz91f3uA,500,0.3036,500,0.3043,500,0.2855,500,0.25,1.1436
bLFmXXPBmfTCjyNHyWyHYViBKJb7wYVXoEb8VqGXvWdzp5U,,,,,,,1013,0.5066,0.5066
bLS4AXmmFSVnXWauycZqW8c3cZLFU71eXtTSRSfrZoQDChQ,500,0.3036,500,0.3043,500,0.2855,500,0.25,1.1436
bLS6M9c3cDieER32nUaBbMehWn2LmcbDTvtbwnCNB6bDrp9,,,520,0.3165,520,0.297,520,0.26,0.8735
bMi1hNtB7euCNNbvrvtLQWJxTHUuSPrzpnFw76pkhGU7JZU,300,0.1821,300,0.1825,300,0.1713,,,0.5361
bNdDRUMBPT8YU1hDjg3YoDPvLNWLmAg8EQPB4ULEDepJTTY,9997,6.0714,9997,6.0847,9997,5.7101,9997,4.9996,22.8661
bP8QznpDE4rF91o4WkKh26WPBFXzy9FiMySLL8nM6EnwHVA,,,100.5,0.0611,100.5,0.0574,100.5,0.0502,0.1688
bR5wnfs4CLbq1sJhwNqGLEtto6bZ7eSnpxtuoJMLftbZU7S,123.5546,0.075,123.5546,0.0752,123.5546,0.0705,123.5546,0.0617,0.2826
bRHoPru1jAjyH3oULNEpr26y479qAtNYRqcxqRgRmUPBMBM,537.7845,0.3266,537.7845,0.3273,537.7845,0.3071,537.7845,0.2689,1.23
bRjsY1iqbe8K8P3wcNiFbVyPXWHicJXfoyJeJcs3TH99HEN,1180,0.7166,1180,0.7182,1180,0.674,,,2.1088
bRkPqDaAiFgnti4NHfrGxpVSSBfAh3fxpBe3rBw1Sd9iHG2,100,0.0607,100,0.0608,100,0.0571,100,0.05,0.2287
bTMXt97vjoW9nEx8FRPbf6EPa9vUnwra9EjdB3FcjSgV7NY,1100,0.668,1100,0.6695,1100,0.6283,1100,0.5501,2.516
bTsu9h8wBpmNeBqieyeMjNkVnHQzbnfEKGFEgTLxWTraNfC,,,,,,,1000,0.5001,0.5001
bUFtTzuG63wnjhgKB3xANagEXanSMjrLXSUo5xwuwYiPS7r,100,0.0607,100,0.0608,100,0.0571,100,0.05,0.2287
bUVmJR3gu1hi9qa41pzFWWfFP4QVUYPyntNKjhort4BPovK,500,0.3036,500,0.3043,500,0.2855,500,0.25,1.1436
bVsRszEJ6UQhq3wTyR6CoSc9EnVXpwBauP59PabbpgK5qsA,1400,0.8502,1400,0.8521,100,0.0571,100,0.05,1.8095
bW3WyTYQ5Rrvi5mLqCbL9aLY8MMy4iNCTM2H5ZPJ6QXdm8Y,100,0.0607,100,0.0608,100,0.0571,100,0.05,0.2287
bWka3iroUPrgPxNAN1QcxtTgWiCs7gFg85QwgHXtB7w7UYY,500,0.3036,500,0.3043,,,,,0.6079
bWuixgswMhku2BbdAMwwfHTg7171RXYeDFsubSXsW7KfKj3,332.1042,0.2016,332.1042,0.2021,332.1042,0.1896,332.1042,0.166,0.7596
bX3PGxYncP4DgadVr5F6mYhitJ2eJuEfn6YKZYEe8LPiNV8,3405.6617,2.0683,3405.6617,2.0728,3405.6617,1.9452,3405.6617,1.7032,7.7897
bYm67SFgMeZYJNp74Q3BtwazatQzWQFBJLhAXpQzYoYRDz4,,,,,,,200,0.1,0.1
bZ8dM9sRGemu3bCsTysCcSAPu9S1xDW2hsHaNr7o5waK8bY,700,0.4251,700,0.426,700,0.3998,,,1.251
bZNB7zMdttmYVqDTDsUPrWWsi9CteX7md5KH2BayNqBPno2,132.5788,0.0805,132.5788,0.0806,132.5788,0.0757,132.5788,0.0663,0.3032
bZdnNaAhYFE5ewerBSiqeBYuiXNPCgoSPqKsZWd6H5uEEdr,2600,1.579,2600,1.5825,2600,1.485,2600,1.3003,5.9469
bbvjNHmVw5mx8wDKgh2n8BZwfSyFntaptdPn2Tai1d9YCLf,1630,0.9899,1630,0.9921,1000,0.5711,1000,0.5001,3.0533
bc5WVhbqYRbSs4T2WUgHsKfj2eQMJdDSYnyjV635NR752rV,3220,1.9556,3220,1.9598,3220,1.8392,3000,1.5003,7.255
bcPnVn4AXMxxQCURzYLS7E8C564pKPF8K1upv5FUMhVk16c,190.0728,0.1154,190.0728,0.1156,100.0728,0.0571,100.0728,0.05,0.3383
be72G9jTE4DQuKAhVrP3tP8PJ2fbKrdGknPTrhNdF4r7yxw,803,0.4876,803,0.4887,,,,,0.9764
beMb18ypcNpPRjPFWMx8LVnPhgZ955G6XvwkF6vrZKi7HZi,122,0.074,122,0.0742,122,0.0696,122,0.061,0.279
bgMASgs7grDHHLcNtHgd8jhJrraRuzP9hWmLJwz7HJFuBbf,700,0.4251,750,0.4564,750,0.4283,750,0.375,1.6851
bgsyE7ppvEGiMTp8Rb8Zt14kvj9DjoEDfSKwCwpf2q9PZEa,123.5533,0.075,123.5533,0.0752,123.5533,0.0705,123.5533,0.0617,0.2826
bh1wK1j613JCcRKqYXZxX4ufvDcMy5XSRSNPm4dYH5spdk1,1365,0.829,1479,0.9002,1479,0.8447,1479,0.7396,3.3136
bh44dxQ9XzjPY7b62Sc4Ga3btEPspW4BrteC8mnE9gVDBCG,,,,,,,3000,1.5003,1.5003
bhLkxrRDRQnjNCVz5RNFfJpGAroyPw33it28MenNQMbMcJn,2000,1.2146,2000,1.2173,2000,1.1423,2000,1.0002,4.5745
bhXHQBFo8TWnRfAySYNW6Fg17N6dDRRYek8HTRZiSzp7DXD,500,0.3036,500,0.3043,500,0.2855,500,0.25,1.1436
